train_id,station_id,dep_time,arr_time,stop_order
126M,minami_fukuoka,05:52,,0
126M,sasabaru,05:55,05:54,1
126M,takeshita,05:58,05:58,2
126M,hakata,06:03,06:02,3
126M,yoshizuka,06:06,06:06,4
126M,hakozaki,06:09,06:08,5
126M,chihaya,06:13,06:12,6
126M,kashii,06:15,06:15,7
126M,kyusan_daimae,06:18,06:18,8
126M,fukko_daimae,06:22,06:21,9
126M,shingu_chuo,06:24,06:24,10
126M,shishibu,06:26,06:26,11
126M,koga,06:29,06:28,12
126M,chidori,06:31,06:31,13
126M,fukuma,06:40,06:34,14
126M,higashi_fukuma,06:43,06:43,15
126M,togo,06:47,06:46,16
126M,akama,06:51,06:50,17
126M,kyoiku_daimae,06:54,06:53,18
126M,ebitsu,06:59,06:58,19
126M,ongagawa,07:04,07:03,20
126M,mizumaki,07:07,07:06,21
126M,orio,07:10,07:10,22
126M,jinnoharu,07:14,07:13,23
126M,kurosaki,07:17,07:16,24
126M,yahata,07:21,07:20,25
126M,spaceworld,07:23,07:22,26
126M,edamitsu,07:25,07:25,27
126M,tobata,07:29,07:28,28
126M,kyusyukou_daimae,07:32,07:31,29
126M,nishi_kokura,07:36,07:35,30
126M,kokura,,07:38,31
130M,tosu,06:47,,0
130M,yashiro,06:50,06:49,1
130M,yayoigaoka,06:53,06:52,2
130M,kiyama,06:56,06:55,3
130M,keyakidai,06:58,06:58,4
130M,haruda,07:02,07:01,5
130M,tempaizan,07:06,07:05,6
130M,futsukaichi,07:12,07:08,7
130M,tofuro_minami,07:15,07:15,8
130M,mizuki,07:18,07:18,9
130M,onojo,07:21,07:20,10
130M,kasuga,07:23,07:23,11
130M,minami_fukuoka,07:26,07:25,12
130M,sasabaru,07:29,07:29,13
130M,takeshita,07:33,07:32,14
130M,hakata,07:38,07:36,15
130M,yoshizuka,07:41,07:40,16
130M,hakozaki,07:44,07:43,17
130M,chihaya,07:48,07:48,18
130M,kashii,07:51,07:50,19
130M,kyusan_daimae,07:54,07:54,20
130M,fukko_daimae,08:03,07:58,21
130M,shingu_chuo,08:06,08:05,22
130M,shishibu,08:08,08:08,23
130M,koga,08:11,08:10,24
130M,chidori,08:14,08:13,25
130M,fukuma,08:20,08:17,26
130M,higashi_fukuma,08:24,08:23,27
130M,togo,08:28,08:27,28
130M,akama,08:32,08:32,29
130M,kyoiku_daimae,08:35,08:35,30
130M,ebitsu,08:41,08:40,31
130M,ongagawa,08:46,08:45,32
130M,mizumaki,08:49,08:48,33
130M,orio,08:52,08:52,34
130M,jinnoharu,08:56,08:56,35
130M,kurosaki,08:59,08:59,36
130M,yahata,09:03,09:02,37
130M,spaceworld,09:08,09:05,38
130M,edamitsu,09:10,09:10,39
130M,tobata,09:13,09:13,40
130M,kyusyukou_daimae,09:16,09:16,41
130M,nishi_kokura,09:20,09:20,42
130M,kokura,,09:22,43
131M,mojiko,06:21,,0
131M,komorie,06:26,06:25,1
131M,moji,06:28,06:27,2
131M,kokura,06:35,06:34,3
131M,nishi_kokura,06:37,06:36,4
131M,kyusyukou_daimae,06:40,06:40,5
131M,tobata,06:43,06:42,6
131M,edamitsu,06:46,06:45,7
131M,spaceworld,06:48,06:47,8
131M,yahata,06:54,06:50,9
131M,kurosaki,06:57,06:57,10
131M,jinnoharu,07:00,07:00,11
131M,orio,07:08,07:03,12
131M,mizumaki,07:11,07:11,13
131M,ongagawa,07:14,07:14,14
131M,ebitsu,07:19,07:18,15
131M,kyoiku_daimae,07:24,07:23,16
131M,akama,07:31,07:27,17
131M,togo,07:35,07:35,18
131M,higashi_fukuma,07:39,07:38,19
131M,fukuma,07:47,07:42,20
131M,chidori,07:49,07:49,21
131M,koga,07:56,07:52,22
131M,shishibu,07:58,07:58,23
131M,shingu_chuo,08:00,08:00,24
131M,fukko_daimae,08:03,08:02,25
131M,kyusan_daimae,08:07,08:06,26
131M,kashii,08:10,08:09,27
131M,chihaya,08:12,08:12,28
131M,hakozaki,08:17,08:16,29
131M,yoshizuka,08:20,08:19,30
131M,hakata,08:24,08:23,31
131M,takeshita,08:28,08:27,32
131M,sasabaru,08:31,08:30,33
131M,minami_fukuoka,08:38,08:33,34
131M,kasuga,08:40,08:39,35
131M,onojo,08:42,08:42,36
131M,mizuki,08:44,08:44,37
131M,tofuro_minami,08:47,08:47,38
131M,futsukaichi,08:53,08:49,39
131M,tempaizan,08:56,08:56,40
131M,haruda,09:00,08:59,41
131M,keyakidai,09:03,09:02,42
131M,kiyama,09:05,09:04,43
131M,yayoigaoka,09:08,09:07,44
131M,yashiro,09:10,09:10,45
131M,tosu,09:21,09:13,46
131M,hizenasahi,09:25,09:24,47
131M,kurume,,09:28,48
132M,minami_fukuoka,07:45,,0
132M,sasabaru,07:48,07:47,1
132M,takeshita,07:54,07:50,2
132M,hakata,07:59,07:58,3
132M,yoshizuka,08:02,08:02,4
132M,hakozaki,08:08,08:04,5
132M,chihaya,08:12,08:12,6
132M,kashii,08:15,08:14,7
132M,kyusan_daimae,08:17,08:17,8
132M,fukko_daimae,08:21,08:20,9
132M,shingu_chuo,08:23,08:23,10
132M,shishibu,08:26,08:25,11
132M,koga,08:33,08:28,12
132M,chidori,08:36,08:35,13
132M,fukuma,08:43,08:39,14
132M,higashi_fukuma,08:46,08:46,15
132M,togo,08:50,08:49,16
132M,akama,08:54,08:53,17
132M,kyoiku_daimae,08:57,08:56,18
132M,ebitsu,09:01,09:01,19
132M,ongagawa,09:06,09:05,20
132M,mizumaki,09:09,09:08,21
132M,orio,09:12,09:11,22
132M,jinnoharu,09:15,09:15,23
132M,kurosaki,09:18,09:18,24
132M,yahata,09:22,09:21,25
132M,spaceworld,09:24,09:23,26
132M,edamitsu,09:26,09:25,27
132M,tobata,09:29,09:28,28
132M,kyusyukou_daimae,09:31,09:31,29
132M,nishi_kokura,09:35,09:34,30
132M,kokura,09:45,09:37,31
132M,moji,09:51,09:50,32
132M,komorie,09:53,09:53,33
132M,mojiko,,09:59,34
134M,hakata,09:02,,0
134M,yoshizuka,09:06,09:05,1
134M,hakozaki,09:08,09:08,2
134M,chihaya,09:13,09:12,3
134M,kashii,09:15,09:15,4
134M,kyusan_daimae,09:18,09:18,5
134M,fukko_daimae,09:22,09:22,6
134M,shingu_chuo,09:25,09:25,7
134M,shishibu,09:28,09:27,8
134M,koga,09:30,09:30,9
134M,chidori,09:33,09:33,10
134M,fukuma,09:39,09:36,11
134M,higashi_fukuma,09:43,09:43,12
134M,togo,09:47,09:47,13
134M,akama,09:51,09:51,14
134M,kyoiku_daimae,09:54,09:54,15
134M,ebitsu,10:00,09:59,16
134M,ongagawa,10:05,10:04,17
134M,mizumaki,10:08,10:07,18
134M,orio,10:11,10:11,19
134M,jinnoharu,10:15,10:15,20
134M,kurosaki,10:18,10:18,21
134M,yahata,10:22,10:21,22
134M,spaceworld,10:24,10:23,23
134M,edamitsu,10:26,10:26,24
134M,tobata,10:29,10:29,25
134M,kyusyukou_daimae,10:32,10:31,26
134M,nishi_kokura,10:36,10:35,27
134M,kokura,10:42,10:38,28
134M,moji,10:48,10:48,29
134M,komorie,10:51,10:51,30
134M,mojiko,,10:56,31
135M,kokura,07:22,,0
135M,nishi_kokura,07:24,07:24,1
135M,kyusyukou_daimae,07:28,07:27,2
135M,tobata,07:30,07:30,3
135M,edamitsu,07:33,07:33,4
135M,spaceworld,07:36,07:35,5
135M,yahata,07:38,07:38,6
135M,kurosaki,07:41,07:41,7
135M,jinnoharu,07:44,07:44,8
135M,orio,07:48,07:47,9
135M,mizumaki,07:51,07:51,10
135M,ongagawa,07:57,07:54,11
135M,ebitsu,08:03,08:02,12
135M,kyoiku_daimae,08:07,08:07,13
135M,akama,08:10,08:09,14
135M,togo,08:14,08:14,15
135M,higashi_fukuma,08:18,08:17,16
135M,fukuma,08:21,08:20,17
135M,chidori,08:23,08:23,18
135M,koga,08:29,08:26,19
135M,shishibu,08:31,08:31,20
135M,shingu_chuo,08:33,08:33,21
135M,fukko_daimae,08:36,08:35,22
135M,kyusan_daimae,08:39,08:39,23
135M,kashii,08:42,08:42,24
135M,chihaya,08:45,08:44,25
135M,hakozaki,08:50,08:49,26
135M,yoshizuka,08:52,08:51,27
135M,hakata,08:57,08:55,28
135M,takeshita,09:01,09:01,29
135M,sasabaru,09:04,09:04,30
135M,minami_fukuoka,09:08,09:07,31
135M,kasuga,09:10,09:09,32
135M,onojo,09:12,09:12,33
135M,mizuki,09:15,09:14,34
135M,tofuro_minami,09:18,09:17,35
135M,futsukaichi,09:20,09:19,36
135M,tempaizan,09:23,09:22,37
135M,haruda,09:30,09:26,38
135M,keyakidai,09:33,09:32,39
135M,kiyama,09:38,09:35,40
135M,yayoigaoka,09:41,09:41,41
135M,yashiro,09:44,09:44,42
135M,tosu,,09:47,43
136M,minami_fukuoka,18:48,,0
136M,sasabaru,18:51,18:50,1
136M,takeshita,18:54,18:54,2
136M,hakata,19:02,18:58,3
136M,yoshizuka,19:05,19:04,4
136M,hakozaki,19:07,19:07,5
136M,chihaya,19:12,19:11,6
136M,kashii,19:15,19:14,7
136M,kyusan_daimae,19:18,19:17,8
136M,fukko_daimae,19:21,19:21,9
136M,shingu_chuo,19:24,19:23,10
136M,shishibu,19:26,19:26,11
136M,koga,19:32,19:28,12
136M,chidori,19:35,19:35,13
136M,fukuma,19:38,19:37,14
136M,higashi_fukuma,19:41,19:41,15
136M,togo,19:45,19:44,16
136M,akama,19:49,19:48,17
136M,kyoiku_daimae,19:52,19:51,18
136M,ebitsu,19:56,19:56,19
136M,ongagawa,20:01,20:01,20
136M,mizumaki,20:04,20:04,21
136M,orio,20:08,20:07,22
136M,jinnoharu,20:11,20:11,23
136M,kurosaki,20:14,20:13,24
136M,yahata,20:17,20:17,25
136M,spaceworld,20:19,20:19,26
136M,edamitsu,20:21,20:21,27
136M,tobata,20:24,20:23,28
136M,kyusyukou_daimae,20:27,20:26,29
136M,nishi_kokura,20:30,20:30,30
136M,kokura,20:42,20:32,31
136M,moji,20:48,20:48,32
136M,komorie,20:51,20:50,33
136M,mojiko,,20:57,34
139M,kokura,08:12,,0
139M,nishi_kokura,08:14,08:14,1
139M,kyusyukou_daimae,08:18,08:17,2
139M,tobata,08:20,08:20,3
139M,edamitsu,08:23,08:23,4
139M,spaceworld,08:25,08:25,5
139M,yahata,08:28,08:27,6
139M,kurosaki,08:31,08:30,7
139M,jinnoharu,08:33,08:33,8
139M,orio,08:37,08:36,9
139M,mizumaki,08:40,08:39,10
139M,ongagawa,08:43,08:42,11
139M,ebitsu,08:47,08:47,12
139M,kyoiku_daimae,08:52,08:52,13
139M,akama,08:55,08:54,14
139M,togo,08:59,08:58,15
139M,higashi_fukuma,09:02,09:02,16
139M,fukuma,09:05,09:05,17
139M,chidori,09:08,09:07,18
139M,koga,09:10,09:10,19
139M,shishibu,09:12,09:12,20
139M,shingu_chuo,09:15,09:14,21
139M,fukko_daimae,09:17,09:17,22
139M,kyusan_daimae,09:20,09:20,23
139M,kashii,09:23,09:22,24
139M,chihaya,09:25,09:25,25
139M,hakozaki,09:30,09:29,26
139M,yoshizuka,09:32,09:32,27
139M,hakata,09:36,09:35,28
139M,takeshita,09:40,09:39,29
139M,sasabaru,09:43,09:42,30
139M,minami_fukuoka,09:49,09:45,31
139M,kasuga,09:52,09:51,32
139M,onojo,09:54,09:54,33
139M,mizuki,09:57,09:56,34
139M,tofuro_minami,09:59,09:59,35
139M,futsukaichi,10:02,10:01,36
139M,tempaizan,10:04,10:04,37
139M,haruda,10:08,10:07,38
139M,keyakidai,10:11,10:10,39
139M,kiyama,10:13,10:12,40
139M,yayoigaoka,10:16,10:15,41
139M,yashiro,10:18,10:18,42
139M,tosu,,10:20,43
2121M,fukuma,05:16,,0
2121M,chidori,05:19,05:19,1
2121M,koga,05:22,05:22,2
2121M,shishibu,05:25,05:24,3
2121M,shingu_chuo,05:27,05:27,4
2121M,fukko_daimae,05:30,05:29,5
2121M,kyusan_daimae,05:33,05:33,6
2121M,kashii,05:36,05:36,7
2121M,chihaya,05:39,05:38,8
2121M,hakozaki,05:44,05:44,9
2121M,yoshizuka,05:47,05:46,10
2121M,hakata,05:52,05:50,11
2121M,takeshita,05:56,05:56,12
2121M,sasabaru,06:00,05:59,13
2121M,minami_fukuoka,06:06,06:03,14
2121M,kasuga,06:09,06:09,15
2121M,onojo,06:12,06:11,16
2121M,mizuki,06:14,06:14,17
2121M,tofuro_minami,06:18,06:17,18
2121M,futsukaichi,06:20,06:20,19
2121M,tempaizan,06:23,06:23,20
2121M,haruda,06:27,06:27,21
2121M,keyakidai,06:30,06:30,22
2121M,kiyama,06:33,06:32,23
2121M,yayoigaoka,06:36,06:35,24
2121M,yashiro,06:39,06:38,25
2121M,tosu,,06:41,26
2126M,futsukaichi,07:49,,0
2126M,tofuro_minami,07:51,07:51,1
2126M,mizuki,07:54,07:54,2
2126M,onojo,07:57,07:56,3
2126M,kasuga,07:59,07:59,4
2126M,minami_fukuoka,08:02,08:01,5
2126M,sasabaru,08:05,08:04,6
2126M,takeshita,08:08,08:07,7
2126M,hakata,08:14,08:12,8
2126M,yoshizuka,08:17,08:16,9
2126M,hakozaki,08:19,08:18,10
2126M,chihaya,08:23,08:23,11
2126M,kashii,08:26,08:25,12
2126M,kyusan_daimae,08:29,08:28,13
2126M,fukko_daimae,08:36,08:32,14
2126M,shingu_chuo,08:39,08:39,15
2126M,shishibu,08:41,08:41,16
2126M,koga,08:44,08:43,17
2126M,chidori,08:46,08:46,18
2126M,fukuma,,08:49,19
2128M,minami_fukuoka,08:05,,0
2128M,sasabaru,08:08,08:08,1
2128M,takeshita,08:11,08:11,2
2128M,hakata,08:17,08:15,3
2128M,yoshizuka,08:20,08:20,4
2128M,hakozaki,08:25,08:22,5
2128M,chihaya,08:30,08:30,6
2128M,kashii,08:34,08:33,7
2128M,kyusan_daimae,08:36,08:36,8
2128M,fukko_daimae,08:40,08:40,9
2128M,shingu_chuo,08:43,08:42,10
2128M,shishibu,08:45,08:45,11
2128M,koga,08:51,08:47,12
2128M,chidori,08:54,08:53,13
2128M,fukuma,,08:56,14
2130M,futsukaichi,08:15,,0
2130M,tofuro_minami,08:18,08:17,1
2130M,mizuki,08:20,08:20,2
2130M,onojo,08:23,08:22,3
2130M,kasuga,08:25,08:25,4
2130M,minami_fukuoka,08:32,08:28,5
2130M,sasabaru,08:35,08:34,6
2130M,takeshita,08:38,08:38,7
2130M,hakata,08:43,08:41,8
2130M,yoshizuka,08:46,08:45,9
2130M,hakozaki,08:48,08:48,10
2130M,chihaya,08:52,08:52,11
2130M,kashii,08:55,08:55,12
2130M,kyusan_daimae,08:58,08:58,13
2130M,fukko_daimae,09:10,09:02,14
2130M,shingu_chuo,09:13,09:13,15
2130M,shishibu,09:15,09:15,16
2130M,koga,09:18,09:17,17
2130M,chidori,09:21,09:20,18
2130M,fukuma,09:23,09:23,19
2130M,higashi_fukuma,09:26,09:26,20
2130M,togo,09:30,09:29,21
2130M,akama,09:34,09:33,22
2130M,kyoiku_daimae,09:36,09:36,23
2130M,ebitsu,09:41,09:41,24
2130M,ongagawa,09:46,09:45,25
2130M,mizumaki,09:49,09:48,26
2130M,orio,,09:52,27
2133M,ebitsu,07:50,,0
2133M,kyoiku_daimae,07:55,07:55,1
2133M,akama,07:58,07:57,2
2133M,togo,08:02,08:01,3
2133M,higashi_fukuma,08:05,08:05,4
2133M,fukuma,08:08,08:08,5
2133M,chidori,08:11,08:10,6
2133M,koga,08:13,08:13,7
2133M,shishibu,08:16,08:15,8
2133M,shingu_chuo,08:18,08:18,9
2133M,fukko_daimae,08:24,08:21,10
2133M,kyusan_daimae,08:28,08:28,11
2133M,kashii,08:31,08:30,12
2133M,chihaya,08:37,08:33,13
2133M,hakozaki,08:42,08:41,14
2133M,yoshizuka,08:44,08:43,15
2133M,hakata,08:49,08:47,16
2133M,takeshita,08:52,08:52,17
2133M,sasabaru,08:55,08:55,18
2133M,minami_fukuoka,09:03,08:58,19
2133M,kasuga,09:05,09:05,20
2133M,onojo,09:08,09:07,21
2133M,mizuki,09:10,09:10,22
2133M,tofuro_minami,09:13,09:12,23
2133M,futsukaichi,,09:15,24
2136M,futsukaichi,09:32,,0
2136M,tofuro_minami,09:35,09:34,1
2136M,mizuki,09:37,09:37,2
2136M,onojo,09:40,09:39,3
2136M,kasuga,09:42,09:41,4
2136M,minami_fukuoka,09:47,09:44,5
2136M,sasabaru,09:50,09:49,6
2136M,takeshita,09:53,09:52,7
2136M,hakata,10:02,09:56,8
2136M,yoshizuka,10:05,10:04,9
2136M,hakozaki,10:07,10:07,10
2136M,chihaya,10:11,10:11,11
2136M,kashii,10:14,10:13,12
2136M,kyusan_daimae,10:16,10:16,13
2136M,fukko_daimae,10:20,10:19,14
2136M,shingu_chuo,10:22,10:22,15
2136M,shishibu,10:25,10:24,16
2136M,koga,10:27,10:26,17
2136M,chidori,10:30,10:29,18
2136M,fukuma,,10:32,19
2138M,tosu,09:26,,0
2138M,yashiro,09:28,09:28,1
2138M,yayoigaoka,09:35,09:31,2
2138M,kiyama,09:38,09:37,3
2138M,keyakidai,09:40,09:40,4
2138M,haruda,09:43,09:43,5
2138M,tempaizan,09:47,09:46,6
2138M,futsukaichi,09:50,09:49,7
2138M,tofuro_minami,09:52,09:51,8
2138M,mizuki,09:55,09:54,9
2138M,onojo,09:57,09:56,10
2138M,kasuga,09:59,09:59,11
2138M,minami_fukuoka,10:05,10:01,12
2138M,sasabaru,10:08,10:08,13
2138M,takeshita,10:12,10:11,14
2138M,hakata,10:22,10:15,15
2138M,yoshizuka,10:25,10:25,16
2138M,hakozaki,10:28,10:27,17
2138M,chihaya,10:32,10:31,18
2138M,kashii,10:34,10:34,19
2138M,kyusan_daimae,10:37,10:37,20
2138M,fukko_daimae,10:41,10:40,21
2138M,shingu_chuo,10:44,10:43,22
2138M,shishibu,10:46,10:45,23
2138M,koga,10:48,10:48,24
2138M,chidori,10:51,10:51,25
2138M,fukuma,11:00,10:54,26
2138M,higashi_fukuma,11:04,11:03,27
2138M,togo,11:07,11:07,28
2138M,akama,11:11,11:11,29
2138M,kyoiku_daimae,11:14,11:13,30
2138M,ebitsu,11:23,11:19,31
2138M,ongagawa,11:28,11:28,32
2138M,mizumaki,11:31,11:31,33
2138M,orio,,11:35,34
2141M,fukuma,10:50,,0
2141M,chidori,10:53,10:52,1
2141M,koga,10:55,10:55,2
2141M,shishibu,10:57,10:57,3
2141M,shingu_chuo,11:00,10:59,4
2141M,fukko_daimae,11:10,11:02,5
2141M,kyusan_daimae,11:13,11:13,6
2141M,kashii,11:16,11:16,7
2141M,chihaya,11:19,11:18,8
2141M,hakozaki,11:26,11:23,9
2141M,yoshizuka,11:29,11:28,10
2141M,hakata,11:33,11:32,11
2141M,takeshita,11:36,11:36,12
2141M,sasabaru,11:39,11:39,13
2141M,minami_fukuoka,11:49,11:42,14
2141M,kasuga,11:52,11:52,15
2141M,onojo,11:55,11:54,16
2141M,mizuki,11:57,11:57,17
2141M,tofuro_minami,12:00,11:59,18
2141M,futsukaichi,,12:02,19
2144M,tosu,10:33,,0
2144M,yashiro,10:35,10:35,1
2144M,yayoigaoka,10:38,10:38,2
2144M,kiyama,10:41,10:40,3
2144M,keyakidai,10:43,10:43,4
2144M,haruda,10:46,10:46,5
2144M,tempaizan,10:50,10:49,6
2144M,futsukaichi,10:53,10:52,7
2144M,tofuro_minami,10:55,10:54,8
2144M,mizuki,10:58,10:57,9
2144M,onojo,11:00,10:59,10
2144M,kasuga,11:02,11:02,11
2144M,minami_fukuoka,11:07,11:04,12
2144M,sasabaru,11:11,11:10,13
2144M,takeshita,11:18,11:14,14
2144M,hakata,11:25,11:23,15
2144M,yoshizuka,11:28,11:27,16
2144M,hakozaki,11:30,11:29,17
2144M,chihaya,11:34,11:33,18
2144M,kashii,11:36,11:36,19
2144M,kyusan_daimae,11:39,11:39,20
2144M,fukko_daimae,11:43,11:42,21
2144M,shingu_chuo,11:45,11:45,22
2144M,shishibu,11:47,11:47,23
2144M,koga,11:50,11:49,24
2144M,chidori,11:53,11:52,25
2144M,fukuma,12:01,11:55,26
2144M,higashi_fukuma,12:04,12:04,27
2144M,togo,12:08,12:07,28
2144M,akama,12:12,12:11,29
2144M,kyoiku_daimae,12:14,12:14,30
2144M,ebitsu,12:23,12:19,31
2144M,ongagawa,12:28,12:28,32
2144M,mizumaki,12:31,12:31,33
2144M,orio,,12:35,34
2145M,fukuma,12:04,,0
2145M,chidori,12:07,12:06,1
2145M,koga,12:09,12:09,2
2145M,shishibu,12:12,12:11,3
2145M,shingu_chuo,12:14,12:13,4
2145M,fukko_daimae,12:19,12:16,5
2145M,kyusan_daimae,12:23,12:23,6
2145M,kashii,12:26,12:25,7
2145M,chihaya,12:28,12:28,8
2145M,hakozaki,12:33,12:33,9
2145M,yoshizuka,12:36,12:35,10
2145M,hakata,12:43,12:38,11
2145M,takeshita,12:47,12:47,12
2145M,sasabaru,12:50,12:50,13
2145M,minami_fukuoka,12:53,12:52,14
2145M,kasuga,12:55,12:55,15
2145M,onojo,12:58,12:57,16
2145M,mizuki,13:00,12:59,17
2145M,tofuro_minami,13:07,13:06,18
2145M,futsukaichi,,13:09,19
2146M,futsukaichi,11:56,,0
2146M,tofuro_minami,11:59,11:58,1
2146M,mizuki,12:01,12:01,2
2146M,onojo,12:04,12:03,3
2146M,kasuga,12:06,12:05,4
2146M,minami_fukuoka,12:11,12:08,5
2146M,sasabaru,12:14,12:14,6
2146M,takeshita,12:18,12:17,7
2146M,hakata,12:22,12:21,8
2146M,yoshizuka,12:25,12:25,9
2146M,hakozaki,12:27,12:27,10
2146M,chihaya,12:32,12:31,11
2146M,kashii,12:34,12:34,12
2146M,kyusan_daimae,12:37,12:37,13
2146M,fukko_daimae,12:41,12:40,14
2146M,shingu_chuo,12:43,12:43,15
2146M,shishibu,12:45,12:45,16
2146M,koga,12:48,12:47,17
2146M,chidori,12:50,12:50,18
2146M,fukuma,13:00,12:53,19
2146M,higashi_fukuma,13:03,13:03,20
2146M,togo,13:07,13:06,21
2146M,akama,13:10,13:10,22
2146M,kyoiku_daimae,13:13,13:13,23
2146M,ebitsu,13:23,13:18,24
2146M,ongagawa,13:28,13:28,25
2146M,mizumaki,13:31,13:31,26
2146M,orio,,13:35,27
2148M,futsukaichi,12:16,,0
2148M,tofuro_minami,12:19,12:18,1
2148M,mizuki,12:21,12:21,2
2148M,onojo,12:24,12:23,3
2148M,kasuga,12:26,12:25,4
2148M,minami_fukuoka,12:32,12:28,5
2148M,sasabaru,12:35,12:35,6
2148M,takeshita,12:38,12:38,7
2148M,hakata,12:43,12:42,8
2148M,yoshizuka,12:46,12:45,9
2148M,hakozaki,12:48,12:47,10
2148M,chihaya,12:52,12:51,11
2148M,kashii,12:54,12:54,12
2148M,kyusan_daimae,12:57,12:57,13
2148M,fukko_daimae,13:01,13:00,14
2148M,shingu_chuo,13:03,13:03,15
2148M,shishibu,13:05,13:05,16
2148M,koga,13:11,13:08,17
2148M,chidori,13:14,13:13,18
2148M,fukuma,,13:16,19
2149M,fukuma,13:03,,0
2149M,chidori,13:06,13:06,1
2149M,koga,13:09,13:08,2
2149M,shishibu,13:11,13:11,3
2149M,shingu_chuo,13:13,13:13,4
2149M,fukko_daimae,13:19,13:16,5
2149M,kyusan_daimae,13:23,13:22,6
2149M,kashii,13:26,13:25,7
2149M,chihaya,13:28,13:28,8
2149M,hakozaki,13:33,13:32,9
2149M,yoshizuka,13:35,13:35,10
2149M,hakata,13:43,13:38,11
2149M,takeshita,13:47,13:47,12
2149M,sasabaru,13:50,13:50,13
2149M,minami_fukuoka,13:53,13:52,14
2149M,kasuga,13:55,13:55,15
2149M,onojo,13:58,13:57,16
2149M,mizuki,14:00,13:59,17
2149M,tofuro_minami,14:07,14:06,18
2149M,futsukaichi,,14:09,19
2150M,futsukaichi,12:56,,0
2150M,tofuro_minami,12:58,12:58,1
2150M,mizuki,13:01,13:01,2
2150M,onojo,13:03,13:03,3
2150M,kasuga,13:06,13:05,4
2150M,minami_fukuoka,13:10,13:08,5
2150M,sasabaru,13:14,13:13,6
2150M,takeshita,13:17,13:16,7
2150M,hakata,13:23,13:20,8
2150M,yoshizuka,13:26,13:25,9
2150M,hakozaki,13:28,13:28,10
2150M,chihaya,13:32,13:32,11
2150M,kashii,13:35,13:34,12
2150M,kyusan_daimae,13:38,13:37,13
2150M,fukko_daimae,13:41,13:41,14
2150M,shingu_chuo,13:44,13:43,15
2150M,shishibu,13:46,13:46,16
2150M,koga,13:48,13:48,17
2150M,chidori,13:51,13:51,18
2150M,fukuma,14:00,13:54,19
2150M,higashi_fukuma,14:03,14:03,20
2150M,togo,14:07,14:06,21
2150M,akama,14:10,14:10,22
2150M,kyoiku_daimae,14:13,14:13,23
2150M,ebitsu,14:23,14:18,24
2150M,ongagawa,14:28,14:28,25
2150M,mizumaki,14:31,14:31,26
2150M,orio,,14:35,27
2152M,futsukaichi,13:19,,0
2152M,tofuro_minami,13:21,13:21,1
2152M,mizuki,13:24,13:24,2
2152M,onojo,13:26,13:26,3
2152M,kasuga,13:29,13:28,4
2152M,minami_fukuoka,13:31,13:30,5
2152M,sasabaru,13:34,13:33,6
2152M,takeshita,13:37,13:36,7
2152M,hakata,13:41,13:40,8
2152M,yoshizuka,13:44,13:44,9
2152M,hakozaki,13:47,13:46,10
2152M,chihaya,13:51,13:50,11
2152M,kashii,13:54,13:53,12
2152M,kyusan_daimae,13:56,13:56,13
2152M,fukko_daimae,14:00,13:59,14
2152M,shingu_chuo,14:02,14:02,15
2152M,shishibu,14:05,14:04,16
2152M,koga,14:11,14:07,17
2152M,chidori,14:14,14:13,18
2152M,fukuma,,14:16,19
2153M,fukuma,14:03,,0
2153M,chidori,14:06,14:06,1
2153M,koga,14:09,14:08,2
2153M,shishibu,14:11,14:11,3
2153M,shingu_chuo,14:13,14:13,4
2153M,fukko_daimae,14:19,14:16,5
2153M,kyusan_daimae,14:23,14:22,6
2153M,kashii,14:25,14:25,7
2153M,chihaya,14:28,14:27,8
2153M,hakozaki,14:32,14:31,9
2153M,yoshizuka,14:34,14:33,10
2153M,hakata,14:41,14:37,11
2153M,takeshita,14:45,14:44,12
2153M,sasabaru,14:48,14:47,13
2153M,minami_fukuoka,14:51,14:50,14
2153M,kasuga,14:53,14:52,15
2153M,onojo,14:55,14:55,16
2153M,mizuki,14:58,14:57,17
2153M,tofuro_minami,15:00,15:00,18
2153M,futsukaichi,,15:02,19
2154M,futsukaichi,13:55,,0
2154M,tofuro_minami,13:57,13:57,1
2154M,mizuki,14:00,14:00,2
2154M,onojo,14:02,14:02,3
2154M,kasuga,14:05,14:04,4
2154M,minami_fukuoka,14:14,14:07,5
2154M,sasabaru,14:17,14:16,6
2154M,takeshita,14:20,14:19,7
2154M,hakata,14:24,14:23,8
2154M,yoshizuka,14:27,14:26,9
2154M,hakozaki,14:29,14:29,10
2154M,chihaya,14:33,14:33,11
2154M,kashii,14:36,14:35,12
2154M,kyusan_daimae,14:38,14:38,13
2154M,fukko_daimae,14:42,14:41,14
2154M,shingu_chuo,14:44,14:44,15
2154M,shishibu,14:47,14:46,16
2154M,koga,14:49,14:48,17
2154M,chidori,14:52,14:51,18
2154M,fukuma,15:01,14:54,19
2154M,higashi_fukuma,15:04,15:04,20
2154M,togo,15:08,15:07,21
2154M,akama,15:12,15:11,22
2154M,kyoiku_daimae,15:14,15:14,23
2154M,ebitsu,15:23,15:19,24
2154M,ongagawa,15:29,15:28,25
2154M,mizumaki,15:32,15:31,26
2154M,orio,,15:35,27
2156M,futsukaichi,14:19,,0
2156M,tofuro_minami,14:22,14:21,1
2156M,mizuki,14:24,14:24,2
2156M,onojo,14:27,14:26,3
2156M,kasuga,14:29,14:28,4
2156M,minami_fukuoka,14:32,14:31,5
2156M,sasabaru,14:34,14:34,6
2156M,takeshita,14:37,14:37,7
2156M,hakata,14:42,14:41,8
2156M,yoshizuka,14:45,14:44,9
2156M,hakozaki,14:47,14:47,10
2156M,chihaya,14:51,14:51,11
2156M,kashii,14:54,14:53,12
2156M,kyusan_daimae,14:57,14:56,13
2156M,fukko_daimae,15:00,15:00,14
2156M,shingu_chuo,15:03,15:02,15
2156M,shishibu,15:05,15:04,16
2156M,koga,15:11,15:07,17
2156M,chidori,15:14,15:13,18
2156M,fukuma,,15:16,19
2157M,fukuma,15:03,,0
2157M,chidori,15:06,15:06,1
2157M,koga,15:09,15:08,2
2157M,shishibu,15:11,15:11,3
2157M,shingu_chuo,15:13,15:13,4
2157M,fukko_daimae,15:19,15:16,5
2157M,kyusan_daimae,15:22,15:22,6
2157M,kashii,15:25,15:24,7
2157M,chihaya,15:27,15:27,8
2157M,hakozaki,15:31,15:31,9
2157M,yoshizuka,15:33,15:33,10
2157M,hakata,15:37,15:36,11
2157M,takeshita,15:41,15:40,12
2157M,sasabaru,15:44,15:43,13
2157M,minami_fukuoka,15:47,15:46,14
2157M,kasuga,15:49,15:48,15
2157M,onojo,15:51,15:51,16
2157M,mizuki,15:53,15:53,17
2157M,tofuro_minami,15:56,15:56,18
2157M,futsukaichi,15:58,15:58,19
2157M,tempaizan,16:01,16:00,20
2157M,haruda,16:05,16:04,21
2157M,keyakidai,16:07,16:07,22
2157M,kiyama,16:10,16:09,23
2157M,yayoigaoka,16:15,16:12,24
2157M,yashiro,16:18,16:17,25
2157M,tosu,,16:20,26
2158M,futsukaichi,14:55,,0
2158M,tofuro_minami,14:58,14:57,1
2158M,mizuki,15:00,15:00,2
2158M,onojo,15:03,15:02,3
2158M,kasuga,15:05,15:04,4
2158M,minami_fukuoka,15:14,15:07,5
2158M,sasabaru,15:17,15:16,6
2158M,takeshita,15:20,15:19,7
2158M,hakata,15:24,15:23,8
2158M,yoshizuka,15:27,15:26,9
2158M,hakozaki,15:29,15:29,10
2158M,chihaya,15:33,15:33,11
2158M,kashii,15:36,15:35,12
2158M,kyusan_daimae,15:38,15:38,13
2158M,fukko_daimae,15:42,15:41,14
2158M,shingu_chuo,15:44,15:44,15
2158M,shishibu,15:47,15:46,16
2158M,koga,15:49,15:48,17
2158M,chidori,15:52,15:51,18
2158M,fukuma,16:00,15:54,19
2158M,higashi_fukuma,16:04,16:03,20
2158M,togo,16:07,16:07,21
2158M,akama,16:11,16:11,22
2158M,kyoiku_daimae,16:14,16:14,23
2158M,ebitsu,16:23,16:19,24
2158M,ongagawa,16:28,16:27,25
2158M,mizumaki,16:31,16:30,26
2158M,orio,,16:33,27
2159M,fukuma,15:25,,0
2159M,chidori,15:28,15:27,1
2159M,koga,15:30,15:30,2
2159M,shishibu,15:32,15:32,3
2159M,shingu_chuo,15:35,15:34,4
2159M,fukko_daimae,15:37,15:37,5
2159M,kyusan_daimae,15:40,15:40,6
2159M,kashii,15:43,15:42,7
2159M,chihaya,15:48,15:45,8
2159M,hakozaki,15:52,15:52,9
2159M,yoshizuka,15:55,15:54,10
2159M,hakata,15:58,15:57,11
2159M,takeshita,16:02,16:01,12
2159M,sasabaru,16:05,16:04,13
2159M,minami_fukuoka,16:12,16:07,14
2159M,kasuga,16:14,16:14,15
2159M,onojo,16:17,16:16,16
2159M,mizuki,16:19,16:18,17
2159M,tofuro_minami,16:22,16:21,18
2159M,futsukaichi,16:24,16:23,19
2159M,tempaizan,16:26,16:26,20
2159M,haruda,16:33,16:30,21
2159M,keyakidai,16:36,16:36,22
2159M,kiyama,16:38,16:38,23
2159M,yayoigaoka,16:41,16:41,24
2159M,yashiro,16:44,16:44,25
2159M,tosu,,16:46,26
2160M,futsukaichi,15:17,,0
2160M,tofuro_minami,15:20,15:19,1
2160M,mizuki,15:22,15:22,2
2160M,onojo,15:25,15:24,3
2160M,kasuga,15:27,15:26,4
2160M,minami_fukuoka,15:30,15:29,5
2160M,sasabaru,15:32,15:32,6
2160M,takeshita,15:35,15:35,7
2160M,hakata,15:40,15:38,8
2160M,yoshizuka,15:43,15:42,9
2160M,hakozaki,15:45,15:45,10
2160M,chihaya,15:49,15:49,11
2160M,kashii,15:52,15:51,12
2160M,kyusan_daimae,15:54,15:54,13
2160M,fukko_daimae,15:58,15:57,14
2160M,shingu_chuo,16:00,16:00,15
2160M,shishibu,16:03,16:02,16
2160M,koga,16:05,16:04,17
2160M,chidori,16:08,16:07,18
2160M,fukuma,,16:10,19
2162M,futsukaichi,15:55,,0
2162M,tofuro_minami,15:57,15:57,1
2162M,mizuki,16:00,15:59,2
2162M,onojo,16:02,16:02,3
2162M,kasuga,16:04,16:04,4
2162M,minami_fukuoka,16:13,16:07,5
2162M,sasabaru,16:16,16:15,6
2162M,takeshita,16:19,16:18,7
2162M,hakata,16:23,16:22,8
2162M,yoshizuka,16:26,16:25,9
2162M,hakozaki,16:28,16:28,10
2162M,chihaya,16:32,16:32,11
2162M,kashii,16:35,16:34,12
2162M,kyusan_daimae,16:38,16:37,13
2162M,fukko_daimae,16:48,16:42,14
2162M,shingu_chuo,16:51,16:50,15
2162M,shishibu,16:53,16:53,16
2162M,koga,16:55,16:55,17
2162M,chidori,16:58,16:58,18
2162M,fukuma,17:01,17:00,19
2162M,higashi_fukuma,17:04,17:04,20
2162M,togo,17:08,17:07,21
2162M,akama,17:11,17:11,22
2162M,kyoiku_daimae,17:14,17:14,23
2162M,ebitsu,,17:19,24
2163M,fukuma,16:03,,0
2163M,chidori,16:06,16:05,1
2163M,koga,16:08,16:08,2
2163M,shishibu,16:11,16:10,3
2163M,shingu_chuo,16:13,16:13,4
2163M,fukko_daimae,16:19,16:15,5
2163M,kyusan_daimae,16:22,16:22,6
2163M,kashii,16:25,16:24,7
2163M,chihaya,16:27,16:27,8
2163M,hakozaki,16:31,16:31,9
2163M,yoshizuka,16:33,16:33,10
2163M,hakata,16:38,16:36,11
2163M,takeshita,16:42,16:41,12
2163M,sasabaru,16:45,16:44,13
2163M,minami_fukuoka,16:48,16:47,14
2163M,kasuga,16:50,16:50,15
2163M,onojo,16:53,16:52,16
2163M,mizuki,16:55,16:54,17
2163M,tofuro_minami,16:58,16:57,18
2163M,futsukaichi,,17:00,19
2164M,futsukaichi,16:25,,0
2164M,tofuro_minami,16:28,16:27,1
2164M,mizuki,16:30,16:30,2
2164M,onojo,16:33,16:32,3
2164M,kasuga,16:35,16:34,4
2164M,minami_fukuoka,16:38,16:37,5
2164M,sasabaru,16:40,16:40,6
2164M,takeshita,16:43,16:43,7
2164M,hakata,16:48,16:46,8
2164M,yoshizuka,16:51,16:50,9
2164M,hakozaki,16:53,16:52,10
2164M,chihaya,16:57,16:56,11
2164M,kashii,16:59,16:59,12
2164M,kyusan_daimae,17:02,17:02,13
2164M,fukko_daimae,17:13,17:06,14
2164M,shingu_chuo,17:16,17:16,15
2164M,shishibu,17:19,17:18,16
2164M,koga,17:24,17:21,17
2164M,chidori,17:27,17:27,18
2164M,fukuma,,17:30,19
2165M,fukuma,16:17,,0
2165M,chidori,16:20,16:20,1
2165M,koga,16:23,16:22,2
2165M,shishibu,16:25,16:24,3
2165M,shingu_chuo,16:27,16:27,4
2165M,fukko_daimae,16:30,16:29,5
2165M,kyusan_daimae,16:33,16:33,6
2165M,kashii,16:36,16:35,7
2165M,chihaya,16:38,16:38,8
2165M,hakozaki,16:43,16:42,9
2165M,yoshizuka,16:46,16:45,10
2165M,hakata,16:55,16:48,11
2165M,takeshita,16:58,16:58,12
2165M,sasabaru,17:01,17:01,13
2165M,minami_fukuoka,17:07,17:04,14
2165M,kasuga,17:10,17:09,15
2165M,onojo,17:12,17:12,16
2165M,mizuki,17:15,17:14,17
2165M,tofuro_minami,17:18,17:17,18
2165M,futsukaichi,17:24,17:20,19
2165M,tempaizan,17:27,17:26,20
2165M,haruda,17:34,17:30,21
2165M,keyakidai,17:37,17:37,22
2165M,kiyama,17:40,17:39,23
2165M,yayoigaoka,17:43,17:42,24
2165M,yashiro,17:46,17:45,25
2165M,tosu,,17:48,26
2166M,futsukaichi,17:04,,0
2166M,tofuro_minami,17:07,17:06,1
2166M,mizuki,17:09,17:09,2
2166M,onojo,17:12,17:11,3
2166M,kasuga,17:14,17:13,4
2166M,minami_fukuoka,17:17,17:16,5
2166M,sasabaru,17:19,17:19,6
2166M,takeshita,17:22,17:22,7
2166M,hakata,17:27,17:26,8
2166M,yoshizuka,17:30,17:30,9
2166M,hakozaki,17:33,17:32,10
2166M,chihaya,17:37,17:36,11
2166M,kashii,17:39,17:39,12
2166M,kyusan_daimae,17:42,17:42,13
2166M,fukko_daimae,17:55,17:46,14
2166M,shingu_chuo,17:58,17:57,15
2166M,shishibu,18:00,18:00,16
2166M,koga,18:03,18:02,17
2166M,chidori,18:06,18:05,18
2166M,fukuma,18:20,18:09,19
2166M,higashi_fukuma,18:23,18:23,20
2166M,togo,18:27,18:26,21
2166M,akama,18:30,18:30,22
2166M,kyoiku_daimae,18:33,18:33,23
2166M,ebitsu,,18:38,24
2168M,futsukaichi,17:16,,0
2168M,tofuro_minami,17:19,17:18,1
2168M,mizuki,17:22,17:21,2
2168M,onojo,17:24,17:24,3
2168M,kasuga,17:27,17:26,4
2168M,minami_fukuoka,17:32,17:29,5
2168M,sasabaru,17:35,17:35,6
2168M,takeshita,17:39,17:38,7
2168M,hakata,17:44,17:43,8
2168M,yoshizuka,17:47,17:47,9
2168M,hakozaki,17:49,17:49,10
2168M,chihaya,17:53,17:53,11
2168M,kashii,17:56,17:55,12
2168M,kyusan_daimae,17:59,17:58,13
2168M,fukko_daimae,18:10,18:02,14
2168M,shingu_chuo,18:13,18:12,15
2168M,shishibu,18:15,18:15,16
2168M,koga,18:17,18:17,17
2168M,chidori,18:20,18:20,18
2168M,fukuma,,18:23,19
2172M,tosu,17:29,,0
2172M,yashiro,17:32,17:31,1
2172M,yayoigaoka,17:35,17:34,2
2172M,kiyama,17:37,17:37,3
2172M,keyakidai,17:40,17:40,4
2172M,haruda,17:43,17:42,5
2172M,tempaizan,17:47,17:46,6
2172M,futsukaichi,17:50,17:49,7
2172M,tofuro_minami,17:52,17:52,8
2172M,mizuki,17:55,17:54,9
2172M,onojo,17:57,17:57,10
2172M,kasuga,17:59,17:59,11
2172M,minami_fukuoka,18:10,18:02,12
2172M,sasabaru,18:13,18:13,13
2172M,takeshita,18:16,18:16,14
2172M,hakata,18:23,18:21,15
2172M,yoshizuka,18:26,18:25,16
2172M,hakozaki,18:28,18:28,17
2172M,chihaya,18:33,18:32,18
2172M,kashii,18:35,18:35,19
2172M,kyusan_daimae,18:38,18:38,20
2172M,fukko_daimae,18:50,18:42,21
2172M,shingu_chuo,18:53,18:53,22
2172M,shishibu,18:56,18:55,23
2172M,koga,18:58,18:58,24
2172M,chidori,19:01,19:00,25
2172M,fukuma,19:03,19:03,26
2172M,higashi_fukuma,19:07,19:06,27
2172M,togo,19:10,19:10,28
2172M,akama,19:14,19:14,29
2172M,kyoiku_daimae,19:17,19:17,30
2172M,ebitsu,,19:22,31
2173M,fukuma,17:58,,0
2173M,chidori,18:01,18:00,1
2173M,koga,18:03,18:03,2
2173M,shishibu,18:05,18:05,3
2173M,shingu_chuo,18:08,18:07,4
2173M,fukko_daimae,18:10,18:10,5
2173M,kyusan_daimae,18:14,18:13,6
2173M,kashii,18:16,18:16,7
2173M,chihaya,18:19,18:18,8
2173M,hakozaki,18:23,18:23,9
2173M,yoshizuka,18:26,18:25,10
2173M,hakata,18:33,18:28,11
2173M,takeshita,18:37,18:36,12
2173M,sasabaru,18:40,18:39,13
2173M,minami_fukuoka,18:45,18:42,14
2173M,kasuga,18:48,18:47,15
2173M,onojo,18:50,18:50,16
2173M,mizuki,18:53,18:52,17
2173M,tofuro_minami,18:55,18:55,18
2173M,futsukaichi,19:06,18:57,19
2173M,tempaizan,19:08,19:08,20
2173M,haruda,19:15,19:12,21
2173M,keyakidai,19:18,19:18,22
2173M,kiyama,19:20,19:20,23
2173M,yayoigaoka,19:23,19:23,24
2173M,yashiro,19:26,19:26,25
2173M,tosu,,19:29,26
2174M,futsukaichi,18:13,,0
2174M,tofuro_minami,18:15,18:15,1
2174M,mizuki,18:18,18:18,2
2174M,onojo,18:21,18:20,3
2174M,kasuga,18:23,18:23,4
2174M,minami_fukuoka,18:29,18:26,5
2174M,sasabaru,18:32,18:31,6
2174M,takeshita,18:35,18:35,7
2174M,hakata,18:42,18:40,8
2174M,yoshizuka,18:45,18:44,9
2174M,hakozaki,18:48,18:47,10
2174M,chihaya,18:52,18:52,11
2174M,kashii,18:55,18:55,12
2174M,kyusan_daimae,18:58,18:58,13
2174M,fukko_daimae,19:09,19:02,14
2174M,shingu_chuo,19:12,19:12,15
2174M,shishibu,19:15,19:14,16
2174M,koga,19:17,19:17,17
2174M,chidori,19:20,19:20,18
2174M,fukuma,,19:23,19
2177M,fukuma,18:51,,0
2177M,chidori,18:54,18:54,1
2177M,koga,18:57,18:56,2
2177M,shishibu,18:59,18:59,3
2177M,shingu_chuo,19:01,19:01,4
2177M,fukko_daimae,19:04,19:03,5
2177M,kyusan_daimae,19:07,19:07,6
2177M,kashii,19:10,19:09,7
2177M,chihaya,19:12,19:11,8
2177M,hakozaki,19:16,19:15,9
2177M,yoshizuka,19:18,19:18,10
2177M,hakata,19:29,19:21,11
2177M,takeshita,19:33,19:32,12
2177M,sasabaru,19:36,19:36,13
2177M,minami_fukuoka,19:43,19:39,14
2177M,kasuga,19:45,19:45,15
2177M,onojo,19:48,19:47,16
2177M,mizuki,19:50,19:49,17
2177M,tofuro_minami,19:53,19:52,18
2177M,futsukaichi,19:59,19:55,19
2177M,tempaizan,20:03,20:02,20
2177M,haruda,20:07,20:06,21
2177M,keyakidai,20:10,20:10,22
2177M,kiyama,20:13,20:12,23
2177M,yayoigaoka,20:21,20:16,24
2177M,yashiro,20:24,20:23,25
2177M,tosu,,20:26,26
2183M,fukuma,20:08,,0
2183M,chidori,20:11,20:10,1
2183M,koga,20:17,20:13,2
2183M,shishibu,20:19,20:19,3
2183M,shingu_chuo,20:22,20:21,4
2183M,fukko_daimae,20:29,20:24,5
2183M,kyusan_daimae,20:32,20:32,6
2183M,kashii,20:35,20:34,7
2183M,chihaya,20:37,20:36,8
2183M,hakozaki,20:41,20:40,9
2183M,yoshizuka,20:43,20:43,10
2183M,hakata,20:47,20:46,11
2183M,takeshita,20:51,20:50,12
2183M,sasabaru,20:54,20:53,13
2183M,minami_fukuoka,20:57,20:56,14
2183M,kasuga,20:59,20:58,15
2183M,onojo,21:01,21:01,16
2183M,mizuki,21:03,21:03,17
2183M,tofuro_minami,21:06,21:06,18
2183M,futsukaichi,21:08,21:08,19
2183M,tempaizan,21:11,21:10,20
2183M,haruda,21:18,21:15,21
2183M,keyakidai,21:21,21:21,22
2183M,kiyama,21:23,21:23,23
2183M,yayoigaoka,21:26,21:26,24
2183M,yashiro,21:29,21:28,25
2183M,tosu,,21:31,26
2185M,ebitsu,20:36,,0
2185M,kyoiku_daimae,20:42,20:42,1
2185M,akama,20:45,20:45,2
2185M,togo,20:49,20:49,3
2185M,higashi_fukuma,20:53,20:53,4
2185M,fukuma,20:57,20:56,5
2185M,chidori,20:59,20:59,6
2185M,koga,21:02,21:01,7
2185M,shishibu,21:04,21:03,8
2185M,shingu_chuo,21:06,21:06,9
2185M,fukko_daimae,21:09,21:08,10
2185M,kyusan_daimae,21:12,21:12,11
2185M,kashii,21:15,21:14,12
2185M,chihaya,21:17,21:17,13
2185M,hakozaki,21:21,21:21,14
2185M,yoshizuka,21:23,21:23,15
2185M,hakata,21:28,21:26,16
2185M,takeshita,21:32,21:32,17
2185M,sasabaru,21:35,21:35,18
2185M,minami_fukuoka,21:42,21:37,19
2185M,kasuga,21:45,21:44,20
2185M,onojo,21:48,21:47,21
2185M,mizuki,21:50,21:50,22
2185M,tofuro_minami,21:53,21:52,23
2185M,futsukaichi,,21:55,24
2326M,arao,05:25,,0
2326M,omuta,05:29,05:29,1
2326M,ginsui,05:33,05:32,2
2326M,yoshino,05:36,05:35,3
2326M,wataze,05:39,05:38,4
2326M,minami_setaka,05:43,05:42,5
2326M,setaka,05:46,05:45,6
2326M,chikugo_funagoya,05:49,05:48,7
2326M,hainuzuka,05:53,05:52,8
2326M,nishimuta,05:57,05:56,9
2326M,araki,06:00,06:00,10
2326M,kurume,06:05,06:05,11
2326M,hizenasahi,06:09,06:08,12
2326M,tosu,06:14,06:13,13
2326M,yashiro,06:16,06:16,14
2326M,yayoigaoka,06:19,06:19,15
2326M,kiyama,06:22,06:22,16
2326M,keyakidai,06:25,06:24,17
2326M,haruda,06:28,06:27,18
2326M,tempaizan,06:31,06:31,19
2326M,futsukaichi,06:34,06:34,20
2326M,tofuro_minami,06:37,06:36,21
2326M,mizuki,06:40,06:39,22
2326M,onojo,06:42,06:41,23
2326M,kasuga,06:44,06:44,24
2326M,minami_fukuoka,06:48,06:47,25
2326M,sasabaru,06:51,06:50,26
2326M,takeshita,06:54,06:53,27
2326M,hakata,07:03,06:57,28
2326M,yoshizuka,07:06,07:05,29
2326M,hakozaki,07:08,07:08,30
2326M,chihaya,07:12,07:12,31
2326M,kashii,07:15,07:15,32
2326M,kyusan_daimae,07:18,07:18,33
2326M,fukko_daimae,07:25,07:22,34
2326M,shingu_chuo,07:27,07:27,35
2326M,shishibu,07:30,07:29,36
2326M,koga,07:32,07:31,37
2326M,chidori,07:35,07:34,38
2326M,fukuma,07:37,07:37,39
2326M,higashi_fukuma,07:41,07:40,40
2326M,togo,07:44,07:44,41
2326M,akama,07:48,07:47,42
2326M,kyoiku_daimae,07:51,07:50,43
2326M,ebitsu,07:55,07:55,44
2326M,ongagawa,08:00,07:59,45
2326M,mizumaki,08:03,08:02,46
2326M,orio,08:06,08:05,47
2326M,jinnoharu,08:09,08:09,48
2326M,kurosaki,08:12,08:12,49
2326M,yahata,08:15,08:15,50
2326M,spaceworld,08:17,08:17,51
2326M,edamitsu,08:19,08:19,52
2326M,tobata,08:22,08:22,53
2326M,kyusyukou_daimae,08:25,08:24,54
2326M,nishi_kokura,08:28,08:28,55
2326M,kokura,08:34,08:30,56
2326M,moji,08:41,08:41,57
2326M,komorie,08:44,08:43,58
2326M,mojiko,,08:49,59
2327M,orio,06:36,,0
2327M,mizumaki,06:39,06:38,1
2327M,ongagawa,06:42,06:41,2
2327M,ebitsu,06:46,06:46,3
2327M,kyoiku_daimae,06:51,06:51,4
2327M,akama,06:59,06:54,5
2327M,togo,07:04,07:03,6
2327M,higashi_fukuma,07:07,07:07,7
2327M,fukuma,07:11,07:11,8
2327M,chidori,07:14,07:14,9
2327M,koga,07:17,07:16,10
2327M,shishibu,07:19,07:18,11
2327M,shingu_chuo,07:21,07:21,12
2327M,fukko_daimae,07:27,07:23,13
2327M,kyusan_daimae,07:30,07:30,14
2327M,kashii,07:33,07:32,15
2327M,chihaya,07:36,07:35,16
2327M,hakozaki,07:41,07:40,17
2327M,yoshizuka,07:44,07:43,18
2327M,hakata,07:59,07:48,19
2327M,takeshita,08:02,08:02,20
2327M,sasabaru,08:05,08:05,21
2327M,minami_fukuoka,08:08,08:07,22
2327M,kasuga,08:11,08:10,23
2327M,onojo,08:13,08:13,24
2327M,mizuki,08:16,08:15,25
2327M,tofuro_minami,08:19,08:18,26
2327M,futsukaichi,08:21,08:20,27
2327M,tempaizan,08:24,08:23,28
2327M,haruda,08:27,08:27,29
2327M,keyakidai,08:30,08:30,30
2327M,kiyama,08:37,08:33,31
2327M,yayoigaoka,08:40,08:40,32
2327M,yashiro,08:43,08:42,33
2327M,tosu,08:46,08:45,34
2327M,hizenasahi,08:50,08:49,35
2327M,kurume,,08:53,36
2329M,fukuma,09:20,,0
2329M,chidori,09:23,09:23,1
2329M,koga,09:26,09:25,2
2329M,shishibu,09:28,09:28,3
2329M,shingu_chuo,09:30,09:30,4
2329M,fukko_daimae,09:33,09:32,5
2329M,kyusan_daimae,09:36,09:36,6
2329M,kashii,09:39,09:38,7
2329M,chihaya,09:41,09:41,8
2329M,hakozaki,09:45,09:45,9
2329M,yoshizuka,09:47,09:47,10
2329M,hakata,09:54,09:50,11
2329M,takeshita,09:58,09:58,12
2329M,sasabaru,10:01,10:01,13
2329M,minami_fukuoka,10:11,10:04,14
2329M,kasuga,10:14,10:13,15
2329M,onojo,10:16,10:16,16
2329M,mizuki,10:18,10:18,17
2329M,tofuro_minami,10:21,10:21,18
2329M,futsukaichi,10:26,10:23,19
2329M,tempaizan,10:29,10:29,20
2329M,haruda,10:33,10:33,21
2329M,keyakidai,10:36,10:36,22
2329M,kiyama,10:38,10:38,23
2329M,yayoigaoka,10:41,10:41,24
2329M,yashiro,10:44,10:44,25
2329M,tosu,10:49,10:46,26
2329M,hizenasahi,10:54,10:54,27
2329M,kurume,,10:58,28
2330M,araki,06:23,,0
2330M,kurume,06:28,06:28,1
2330M,hizenasahi,06:32,06:31,2
2330M,tosu,06:36,06:36,3
2330M,yashiro,06:38,06:38,4
2330M,yayoigaoka,06:41,06:41,5
2330M,kiyama,06:48,06:44,6
2330M,keyakidai,06:51,06:51,7
2330M,haruda,06:54,06:53,8
2330M,tempaizan,06:58,06:57,9
2330M,futsukaichi,07:00,07:00,10
2330M,tofuro_minami,07:03,07:02,11
2330M,mizuki,07:06,07:05,12
2330M,onojo,07:08,07:07,13
2330M,kasuga,07:10,07:10,14
2330M,minami_fukuoka,07:13,07:12,15
2330M,sasabaru,07:16,07:15,16
2330M,takeshita,07:19,07:18,17
2330M,hakata,07:25,07:22,18
2330M,yoshizuka,07:28,07:28,19
2330M,hakozaki,07:31,07:30,20
2330M,chihaya,07:35,07:35,21
2330M,kashii,07:38,07:37,22
2330M,kyusan_daimae,07:41,07:40,23
2330M,fukko_daimae,07:48,07:44,24
2330M,shingu_chuo,07:51,07:51,25
2330M,shishibu,07:53,07:53,26
2330M,koga,07:56,07:55,27
2330M,chidori,07:58,07:58,28
2330M,fukuma,08:01,08:00,29
2330M,higashi_fukuma,08:04,08:04,30
2330M,togo,08:08,08:07,31
2330M,akama,08:11,08:11,32
2330M,kyoiku_daimae,08:14,08:14,33
2330M,ebitsu,08:19,08:18,34
2330M,ongagawa,08:23,08:23,35
2330M,mizumaki,08:26,08:26,36
2330M,orio,08:41,08:29,37
2330M,jinnoharu,08:45,08:45,38
2330M,kurosaki,08:49,08:48,39
2330M,yahata,08:52,08:52,40
2330M,spaceworld,08:55,08:54,41
2330M,edamitsu,08:57,08:57,42
2330M,tobata,09:00,08:59,43
2330M,kyusyukou_daimae,09:03,09:02,44
2330M,nishi_kokura,09:06,09:06,45
2330M,kokura,09:18,09:08,46
2330M,moji,09:23,09:23,47
2330M,komorie,09:26,09:25,48
2330M,mojiko,,09:31,49
2331M,fukuma,10:02,,0
2331M,chidori,10:05,10:04,1
2331M,koga,10:07,10:07,2
2331M,shishibu,10:09,10:09,3
2331M,shingu_chuo,10:12,10:11,4
2331M,fukko_daimae,10:17,10:14,5
2331M,kyusan_daimae,10:20,10:20,6
2331M,kashii,10:23,10:22,7
2331M,chihaya,10:25,10:25,8
2331M,hakozaki,10:29,10:29,9
2331M,yoshizuka,10:32,10:31,10
2331M,hakata,10:36,10:34,11
2331M,takeshita,10:40,10:40,12
2331M,sasabaru,10:44,10:43,13
2331M,minami_fukuoka,10:51,10:46,14
2331M,kasuga,10:53,10:53,15
2331M,onojo,10:56,10:55,16
2331M,mizuki,10:58,10:58,17
2331M,tofuro_minami,11:01,11:00,18
2331M,futsukaichi,11:07,11:03,19
2331M,tempaizan,11:10,11:09,20
2331M,haruda,11:14,11:13,21
2331M,keyakidai,11:16,11:16,22
2331M,kiyama,11:19,11:18,23
2331M,yayoigaoka,11:21,11:21,24
2331M,yashiro,11:24,11:24,25
2331M,tosu,11:27,11:26,26
2331M,hizenasahi,11:32,11:31,27
2331M,kurume,11:36,11:35,28
2331M,araki,,11:40,29
2335M,fukuma,12:22,,0
2335M,chidori,12:25,12:24,1
2335M,koga,12:27,12:27,2
2335M,shishibu,12:30,12:29,3
2335M,shingu_chuo,12:32,12:31,4
2335M,fukko_daimae,12:34,12:34,5
2335M,kyusan_daimae,12:38,12:37,6
2335M,kashii,12:40,12:40,7
2335M,chihaya,12:45,12:42,8
2335M,hakozaki,12:50,12:49,9
2335M,yoshizuka,12:52,12:51,10
2335M,hakata,13:01,12:55,11
2335M,takeshita,13:05,13:05,12
2335M,sasabaru,13:08,13:08,13
2335M,minami_fukuoka,13:11,13:10,14
2335M,kasuga,13:13,13:13,15
2335M,onojo,13:16,13:15,16
2335M,mizuki,13:18,13:17,17
2335M,tofuro_minami,13:21,13:20,18
2335M,futsukaichi,13:23,13:22,19
2335M,tempaizan,13:25,13:25,20
2335M,haruda,13:33,13:29,21
2335M,keyakidai,13:36,13:36,22
2335M,kiyama,13:38,13:38,23
2335M,yayoigaoka,13:41,13:41,24
2335M,yashiro,13:44,13:43,25
2335M,tosu,13:47,13:46,26
2335M,hizenasahi,13:51,13:50,27
2335M,kurume,,13:55,28
2337M,fukuma,13:21,,0
2337M,chidori,13:24,13:24,1
2337M,koga,13:27,13:26,2
2337M,shishibu,13:29,13:28,3
2337M,shingu_chuo,13:31,13:31,4
2337M,fukko_daimae,13:34,13:33,5
2337M,kyusan_daimae,13:37,13:36,6
2337M,kashii,13:39,13:39,7
2337M,chihaya,13:45,13:41,8
2337M,hakozaki,13:49,13:49,9
2337M,yoshizuka,13:52,13:51,10
2337M,hakata,14:01,13:55,11
2337M,takeshita,14:05,14:05,12
2337M,sasabaru,14:08,14:08,13
2337M,minami_fukuoka,14:11,14:10,14
2337M,kasuga,14:13,14:13,15
2337M,onojo,14:16,14:15,16
2337M,mizuki,14:18,14:17,17
2337M,tofuro_minami,14:21,14:20,18
2337M,futsukaichi,14:23,14:22,19
2337M,tempaizan,14:25,14:25,20
2337M,haruda,14:29,14:29,21
2337M,keyakidai,14:32,14:32,22
2337M,kiyama,14:38,14:34,23
2337M,yayoigaoka,14:41,14:41,24
2337M,yashiro,14:44,14:43,25
2337M,tosu,14:47,14:46,26
2337M,hizenasahi,14:51,14:50,27
2337M,kurume,,14:54,28
2339M,fukuma,14:21,,0
2339M,chidori,14:24,14:24,1
2339M,koga,14:27,14:26,2
2339M,shishibu,14:29,14:28,3
2339M,shingu_chuo,14:31,14:31,4
2339M,fukko_daimae,14:34,14:33,5
2339M,kyusan_daimae,14:37,14:36,6
2339M,kashii,14:39,14:39,7
2339M,chihaya,14:45,14:41,8
2339M,hakozaki,14:49,14:49,9
2339M,yoshizuka,14:52,14:51,10
2339M,hakata,15:01,14:55,11
2339M,takeshita,15:05,15:04,12
2339M,sasabaru,15:08,15:08,13
2339M,minami_fukuoka,15:11,15:10,14
2339M,kasuga,15:13,15:13,15
2339M,onojo,15:16,15:15,16
2339M,mizuki,15:18,15:18,17
2339M,tofuro_minami,15:21,15:21,18
2339M,futsukaichi,15:23,15:23,19
2339M,tempaizan,15:26,15:26,20
2339M,haruda,15:30,15:30,21
2339M,keyakidai,15:33,15:32,22
2339M,kiyama,15:35,15:35,23
2339M,yayoigaoka,15:38,15:37,24
2339M,yashiro,15:41,15:40,25
2339M,tosu,15:43,15:43,26
2339M,hizenasahi,15:47,15:47,27
2339M,kurume,,15:51,28
2340M,kurume,09:34,,0
2340M,hizenasahi,09:38,09:38,1
2340M,tosu,09:44,09:43,2
2340M,yashiro,09:46,09:45,3
2340M,yayoigaoka,09:53,09:48,4
2340M,kiyama,09:56,09:55,5
2340M,keyakidai,09:58,09:58,6
2340M,haruda,10:01,10:01,7
2340M,tempaizan,10:05,10:05,8
2340M,futsukaichi,10:17,10:08,9
2340M,tofuro_minami,10:20,10:19,10
2340M,mizuki,10:22,10:22,11
2340M,onojo,10:25,10:24,12
2340M,kasuga,10:27,10:26,13
2340M,minami_fukuoka,10:30,10:29,14
2340M,sasabaru,10:32,10:32,15
2340M,takeshita,10:35,10:35,16
2340M,hakata,10:40,10:39,17
2340M,yoshizuka,10:43,10:42,18
2340M,hakozaki,10:45,10:45,19
2340M,chihaya,10:49,10:49,20
2340M,kashii,10:52,10:51,21
2340M,kyusan_daimae,10:54,10:54,22
2340M,fukko_daimae,10:58,10:57,23
2340M,shingu_chuo,11:00,11:00,24
2340M,shishibu,11:03,11:02,25
2340M,koga,11:05,11:04,26
2340M,chidori,11:08,11:07,27
2340M,fukuma,,11:10,28
2342M,arao,09:46,,0
2342M,omuta,09:51,09:50,1
2342M,ginsui,09:55,09:54,2
2342M,yoshino,09:58,09:58,3
2342M,wataze,10:02,10:01,4
2342M,minami_setaka,10:06,10:05,5
2342M,setaka,10:10,10:09,6
2342M,chikugo_funagoya,10:13,10:12,7
2342M,hainuzuka,10:17,10:17,8
2342M,nishimuta,10:22,10:21,9
2342M,araki,10:26,10:25,10
2342M,kurume,10:33,10:31,11
2342M,hizenasahi,10:37,10:36,12
2342M,tosu,10:42,10:41,13
2342M,yashiro,10:44,10:44,14
2342M,yayoigaoka,10:47,10:47,15
2342M,kiyama,10:50,10:50,16
2342M,keyakidai,10:53,10:52,17
2342M,haruda,10:59,10:55,18
2342M,tempaizan,11:03,11:02,19
2342M,futsukaichi,11:10,11:05,20
2342M,tofuro_minami,11:12,11:12,21
2342M,mizuki,11:15,11:14,22
2342M,onojo,11:17,11:17,23
2342M,kasuga,11:19,11:19,24
2342M,minami_fukuoka,11:30,11:24,25
2342M,sasabaru,11:33,11:32,26
2342M,takeshita,11:36,11:35,27
2342M,hakata,11:41,11:39,28
2342M,yoshizuka,11:44,11:43,29
2342M,hakozaki,11:46,11:46,30
2342M,chihaya,11:50,11:50,31
2342M,kashii,11:53,11:53,32
2342M,kyusan_daimae,11:56,11:56,33
2342M,fukko_daimae,12:00,11:59,34
2342M,shingu_chuo,12:02,12:02,35
2342M,shishibu,12:05,12:04,36
2342M,koga,12:11,12:07,37
2342M,chidori,12:14,12:13,38
2342M,fukuma,,12:16,39
2345M,orio,16:39,,0
2345M,mizumaki,16:42,16:41,1
2345M,ongagawa,16:45,16:44,2
2345M,ebitsu,16:49,16:49,3
2345M,kyoiku_daimae,16:54,16:54,4
2345M,akama,16:57,16:56,5
2345M,togo,17:01,17:00,6
2345M,higashi_fukuma,17:04,17:04,7
2345M,fukuma,17:07,17:07,8
2345M,chidori,17:10,17:10,9
2345M,koga,17:17,17:13,10
2345M,shishibu,17:19,17:19,11
2345M,shingu_chuo,17:22,17:21,12
2345M,fukko_daimae,17:24,17:24,13
2345M,kyusan_daimae,17:28,17:27,14
2345M,kashii,17:31,17:30,15
2345M,chihaya,17:33,17:33,16
2345M,hakozaki,17:38,17:37,17
2345M,yoshizuka,17:40,17:40,18
2345M,hakata,17:45,17:43,19
2345M,takeshita,17:49,17:48,20
2345M,sasabaru,17:52,17:51,21
2345M,minami_fukuoka,17:55,17:54,22
2345M,kasuga,17:57,17:56,23
2345M,onojo,17:59,17:59,24
2345M,mizuki,18:02,18:01,25
2345M,tofuro_minami,18:05,18:04,26
2345M,futsukaichi,18:07,18:06,27
2345M,tempaizan,18:09,18:09,28
2345M,haruda,18:16,18:13,29
2345M,keyakidai,18:19,18:18,30
2345M,kiyama,18:21,18:21,31
2345M,yayoigaoka,18:24,18:24,32
2345M,yashiro,18:27,18:27,33
2345M,tosu,18:30,18:29,34
2345M,hizenasahi,18:34,18:34,35
2345M,kurume,18:43,18:37,36
2345M,araki,18:48,18:47,37
2345M,nishimuta,18:51,18:51,38
2345M,hainuzuka,18:55,18:55,39
2345M,chikugo_funagoya,18:59,18:58,40
2345M,setaka,19:02,19:01,41
2345M,minami_setaka,19:05,19:05,42
2345M,wataze,19:09,19:08,43
2345M,yoshino,19:12,19:12,44
2345M,ginsui,19:15,19:15,45
2345M,omuta,,19:19,46
2347M,fukuma,18:17,,0
2347M,chidori,18:19,18:19,1
2347M,koga,18:22,18:21,2
2347M,shishibu,18:24,18:24,3
2347M,shingu_chuo,18:26,18:26,4
2347M,fukko_daimae,18:29,18:28,5
2347M,kyusan_daimae,18:32,18:32,6
2347M,kashii,18:37,18:35,7
2347M,chihaya,18:39,18:38,8
2347M,hakozaki,18:43,18:43,9
2347M,yoshizuka,18:46,18:45,10
2347M,hakata,18:54,18:48,11
2347M,takeshita,18:58,18:58,12
2347M,sasabaru,19:02,19:01,13
2347M,minami_fukuoka,19:08,19:05,14
2347M,kasuga,19:10,19:10,15
2347M,onojo,19:13,19:12,16
2347M,mizuki,19:15,19:15,17
2347M,tofuro_minami,19:18,19:17,18
2347M,futsukaichi,19:28,19:20,19
2347M,tempaizan,19:31,19:31,20
2347M,haruda,19:35,19:34,21
2347M,keyakidai,19:38,19:37,22
2347M,kiyama,19:40,19:40,23
2347M,yayoigaoka,19:43,19:43,24
2347M,yashiro,19:46,19:46,25
2347M,tosu,19:50,19:49,26
2347M,hizenasahi,19:54,19:53,27
2347M,kurume,19:57,19:57,28
2347M,araki,,20:02,29
2354M,kurume,16:04,,0
2354M,hizenasahi,16:08,16:08,1
2354M,tosu,16:13,16:12,2
2354M,yashiro,16:16,16:15,3
2354M,yayoigaoka,16:19,16:18,4
2354M,kiyama,16:21,16:21,5
2354M,keyakidai,16:24,16:23,6
2354M,haruda,16:27,16:26,7
2354M,tempaizan,16:30,16:30,8
2354M,futsukaichi,16:33,16:33,9
2354M,tofuro_minami,16:35,16:35,10
2354M,mizuki,16:38,16:38,11
2354M,onojo,16:40,16:40,12
2354M,kasuga,16:43,16:42,13
2354M,minami_fukuoka,16:56,16:45,14
2354M,sasabaru,16:59,16:58,15
2354M,takeshita,17:02,17:01,16
2354M,hakata,17:06,17:05,17
2354M,yoshizuka,17:09,17:09,18
2354M,hakozaki,17:12,17:11,19
2354M,chihaya,17:16,17:15,20
2354M,kashii,17:18,17:18,21
2354M,kyusan_daimae,17:21,17:20,22
2354M,fukko_daimae,17:32,17:24,23
2354M,shingu_chuo,17:35,17:35,24
2354M,shishibu,17:38,17:37,25
2354M,koga,17:40,17:39,26
2354M,chidori,17:43,17:42,27
2354M,fukuma,,17:45,28
2355M,mojiko,21:20,,0
2355M,komorie,21:25,21:24,1
2355M,moji,21:27,21:26,2
2355M,kokura,21:43,21:33,3
2355M,nishi_kokura,21:45,21:45,4
2355M,kyusyukou_daimae,21:49,21:49,5
2355M,tobata,21:52,21:51,6
2355M,edamitsu,21:55,21:54,7
2355M,spaceworld,21:57,21:57,8
2355M,yahata,22:00,21:59,9
2355M,kurosaki,22:03,22:02,10
2355M,jinnoharu,22:06,22:05,11
2355M,orio,22:09,22:09,12
2355M,mizumaki,22:12,22:12,13
2355M,ongagawa,22:15,22:14,14
2355M,ebitsu,22:20,22:19,15
2355M,kyoiku_daimae,22:25,22:24,16
2355M,akama,22:27,22:27,17
2355M,togo,22:31,22:31,18
2355M,higashi_fukuma,22:35,22:34,19
2355M,fukuma,22:44,22:38,20
2355M,chidori,22:47,22:46,21
2355M,koga,22:49,22:49,22
2355M,shishibu,22:52,22:51,23
2355M,shingu_chuo,22:54,22:53,24
2355M,fukko_daimae,22:56,22:56,25
2355M,kyusan_daimae,23:00,22:59,26
2355M,kashii,23:04,23:02,27
2355M,chihaya,23:06,23:05,28
2355M,hakozaki,23:10,23:09,29
2355M,yoshizuka,23:12,23:12,30
2355M,hakata,23:16,23:15,31
2355M,takeshita,23:20,23:19,32
2355M,sasabaru,23:23,23:23,33
2355M,minami_fukuoka,23:31,23:26,34
2355M,kasuga,23:33,23:33,35
2355M,onojo,23:36,23:35,36
2355M,mizuki,23:38,23:37,37
2355M,tofuro_minami,23:41,23:40,38
2355M,futsukaichi,23:43,23:42,39
2355M,tempaizan,23:45,23:45,40
2355M,haruda,23:49,23:49,41
2355M,keyakidai,23:52,23:51,42
2355M,kiyama,23:54,23:54,43
2355M,yayoigaoka,23:57,23:56,44
2355M,yashiro,00:00,23:59,45
2355M,tosu,00:03,00:02,46
2355M,hizenasahi,00:07,00:06,47
2355M,kurume,,00:10,48
2356M,hainuzuka,16:46,,0
2356M,nishimuta,16:51,16:50,1
2356M,araki,16:54,16:54,2
2356M,kurume,17:00,16:59,3
2356M,hizenasahi,17:04,17:03,4
2356M,tosu,17:08,17:08,5
2356M,yashiro,17:10,17:10,6
2356M,yayoigaoka,17:13,17:13,7
2356M,kiyama,17:16,17:15,8
2356M,keyakidai,17:18,17:18,9
2356M,haruda,17:21,17:21,10
2356M,tempaizan,17:25,17:25,11
2356M,futsukaichi,17:37,17:28,12
2356M,tofuro_minami,17:40,17:39,13
2356M,mizuki,17:43,17:42,14
2356M,onojo,17:45,17:45,15
2356M,kasuga,17:48,17:47,16
2356M,minami_fukuoka,17:50,17:49,17
2356M,sasabaru,17:53,17:52,18
2356M,takeshita,17:56,17:55,19
2356M,hakata,18:02,17:59,20
2356M,yoshizuka,18:05,18:04,21
2356M,hakozaki,18:07,18:07,22
2356M,chihaya,18:12,18:11,23
2356M,kashii,18:15,18:14,24
2356M,kyusan_daimae,18:18,18:17,25
2356M,fukko_daimae,18:21,18:21,26
2356M,shingu_chuo,18:24,18:23,27
2356M,shishibu,18:26,18:26,28
2356M,koga,18:32,18:28,29
2356M,chidori,18:35,18:35,30
2356M,fukuma,18:38,18:37,31
2356M,higashi_fukuma,18:41,18:41,32
2356M,togo,18:45,18:44,33
2356M,akama,18:48,18:48,34
2356M,kyoiku_daimae,18:51,18:51,35
2356M,ebitsu,18:56,18:56,36
2356M,ongagawa,19:01,19:00,37
2356M,mizumaki,19:04,19:03,38
2356M,orio,19:07,19:06,39
2356M,jinnoharu,19:11,19:10,40
2356M,kurosaki,19:13,19:13,41
2356M,yahata,19:17,19:16,42
2356M,spaceworld,19:19,19:18,43
2356M,edamitsu,19:21,19:20,44
2356M,tobata,19:24,19:23,45
2356M,kyusyukou_daimae,19:26,19:26,46
2356M,nishi_kokura,19:30,19:29,47
2356M,kokura,19:32,19:31,48
2356M,moji,19:38,19:38,49
2356M,komorie,19:41,19:40,50
2356M,mojiko,,19:46,51
2357M,kokura,22:11,,0
2357M,nishi_kokura,22:14,22:13,1
2357M,kyusyukou_daimae,22:17,22:17,2
2357M,tobata,22:20,22:19,3
2357M,edamitsu,22:22,22:22,4
2357M,spaceworld,22:25,22:24,5
2357M,yahata,22:27,22:26,6
2357M,kurosaki,22:30,22:29,7
2357M,jinnoharu,22:33,22:32,8
2357M,orio,22:36,22:36,9
2357M,mizumaki,22:40,22:39,10
2357M,ongagawa,22:42,22:42,11
2357M,ebitsu,22:47,22:47,12
2357M,kyoiku_daimae,22:52,22:52,13
2357M,akama,23:00,22:55,14
2357M,togo,23:04,23:04,15
2357M,higashi_fukuma,23:08,23:07,16
2357M,fukuma,23:11,23:10,17
2357M,chidori,23:13,23:13,18
2357M,koga,23:16,23:15,19
2357M,shishibu,23:18,23:18,20
2357M,shingu_chuo,23:21,23:20,21
2357M,fukko_daimae,23:23,23:23,22
2357M,kyusan_daimae,23:27,23:26,23
2357M,kashii,23:30,23:29,24
2357M,chihaya,23:32,23:32,25
2357M,hakozaki,23:37,23:36,26
2357M,yoshizuka,23:39,23:39,27
2357M,hakata,23:46,23:43,28
2357M,takeshita,23:50,23:49,29
2357M,sasabaru,23:53,23:52,30
2357M,minami_fukuoka,23:56,23:55,31
2357M,kasuga,23:58,23:57,32
2357M,onojo,00:00,24:00,33
2357M,mizuki,00:03,00:02,34
2357M,tofuro_minami,00:05,00:05,35
2357M,futsukaichi,00:08,00:07,36
2357M,tempaizan,00:10,00:10,37
2357M,haruda,00:14,00:14,38
2357M,keyakidai,00:17,00:17,39
2357M,kiyama,00:19,00:19,40
2357M,yayoigaoka,00:22,00:22,41
2357M,yashiro,00:25,00:24,42
2357M,tosu,00:28,00:27,43
2357M,hizenasahi,00:32,00:32,44
2357M,kurume,,00:36,45
2358M,hainuzuka,18:00,,0
2358M,nishimuta,18:05,18:04,1
2358M,araki,18:08,18:08,2
2358M,kurume,18:13,18:12,3
2358M,hizenasahi,18:17,18:16,4
2358M,tosu,18:33,18:20,5
2358M,yashiro,18:36,18:35,6
2358M,yayoigaoka,18:38,18:38,7
2358M,kiyama,18:41,18:41,8
2358M,keyakidai,18:44,18:44,9
2358M,haruda,18:47,18:46,10
2358M,tempaizan,18:51,18:50,11
2358M,futsukaichi,18:54,18:53,12
2358M,tofuro_minami,18:56,18:56,13
2358M,mizuki,18:59,18:59,14
2358M,onojo,19:02,19:01,15
2358M,kasuga,19:04,19:04,16
2358M,minami_fukuoka,19:11,19:07,17
2358M,sasabaru,19:14,19:14,18
2358M,takeshita,19:17,19:17,19
2358M,hakata,19:23,19:21,20
2358M,yoshizuka,19:26,19:25,21
2358M,hakozaki,19:28,19:27,22
2358M,chihaya,19:32,19:32,23
2358M,kashii,19:35,19:34,24
2358M,kyusan_daimae,19:38,19:37,25
2358M,fukko_daimae,19:50,19:41,26
2358M,shingu_chuo,19:53,19:53,27
2358M,shishibu,19:56,19:55,28
2358M,koga,19:58,19:58,29
2358M,chidori,20:01,20:01,30
2358M,fukuma,20:04,20:04,31
2358M,higashi_fukuma,20:07,20:07,32
2358M,togo,20:11,20:10,33
2358M,akama,20:15,20:14,34
2358M,kyoiku_daimae,20:18,20:17,35
2358M,ebitsu,,20:23,36
2360M,kurume,18:49,,0
2360M,hizenasahi,18:54,18:53,1
2360M,tosu,19:05,18:58,2
2360M,yashiro,19:07,19:07,3
2360M,yayoigaoka,19:10,19:10,4
2360M,kiyama,19:13,19:12,5
2360M,keyakidai,19:15,19:15,6
2360M,haruda,19:22,19:18,7
2360M,tempaizan,19:27,19:26,8
2360M,futsukaichi,19:35,19:30,9
2360M,tofuro_minami,19:37,19:37,10
2360M,mizuki,19:40,19:39,11
2360M,onojo,19:42,19:42,12
2360M,kasuga,19:44,19:44,13
2360M,minami_fukuoka,19:49,19:47,14
2360M,sasabaru,19:52,19:52,15
2360M,takeshita,19:55,19:55,16
2360M,hakata,20:02,19:59,17
2360M,yoshizuka,20:05,20:04,18
2360M,hakozaki,20:07,20:07,19
2360M,chihaya,20:12,20:11,20
2360M,kashii,20:15,20:14,21
2360M,kyusan_daimae,20:18,20:17,22
2360M,fukko_daimae,20:21,20:21,23
2360M,shingu_chuo,20:24,20:23,24
2360M,shishibu,20:26,20:26,25
2360M,koga,20:32,20:28,26
2360M,chidori,20:35,20:35,27
2360M,fukuma,20:38,20:37,28
2360M,higashi_fukuma,20:41,20:40,29
2360M,togo,20:44,20:44,30
2360M,akama,20:48,20:48,31
2360M,kyoiku_daimae,20:51,20:50,32
2360M,ebitsu,21:01,20:56,33
2360M,ongagawa,21:06,21:06,34
2360M,mizumaki,21:09,21:08,35
2360M,orio,21:12,21:11,36
2360M,jinnoharu,21:16,21:15,37
2360M,kurosaki,21:19,21:18,38
2360M,yahata,21:29,21:23,39
2360M,spaceworld,21:31,21:31,40
2360M,edamitsu,21:33,21:33,41
2360M,tobata,21:36,21:36,42
2360M,kyusyukou_daimae,21:39,21:38,43
2360M,nishi_kokura,21:43,21:42,44
2360M,kokura,21:47,21:44,45
2360M,moji,21:54,21:53,46
2360M,komorie,21:56,21:56,47
2360M,mojiko,,22:01,48
2364M,omuta,19:39,,0
2364M,ginsui,19:43,19:43,1
2364M,yoshino,19:46,19:46,2
2364M,wataze,19:49,19:49,3
2364M,minami_setaka,19:53,19:53,4
2364M,setaka,19:57,19:56,5
2364M,chikugo_funagoya,20:00,19:59,6
2364M,hainuzuka,20:04,20:03,7
2364M,nishimuta,20:08,20:07,8
2364M,araki,20:12,20:11,9
2364M,kurume,20:17,20:16,10
2364M,hizenasahi,20:20,20:20,11
2364M,tosu,20:25,20:24,12
2364M,yashiro,20:27,20:27,13
2364M,yayoigaoka,20:30,20:30,14
2364M,kiyama,20:33,20:32,15
2364M,keyakidai,20:36,20:35,16
2364M,haruda,20:42,20:38,17
2364M,tempaizan,20:46,20:46,18
2364M,futsukaichi,20:49,20:49,19
2364M,tofuro_minami,20:52,20:51,20
2364M,mizuki,20:55,20:54,21
2364M,onojo,20:57,20:57,22
2364M,kasuga,21:00,20:59,23
2364M,minami_fukuoka,21:03,21:02,24
2364M,sasabaru,21:05,21:05,25
2364M,takeshita,21:08,21:08,26
2364M,hakata,21:14,21:12,27
2364M,yoshizuka,21:17,21:16,28
2364M,hakozaki,21:19,21:19,29
2364M,chihaya,21:23,21:23,30
2364M,kashii,21:26,21:25,31
2364M,kyusan_daimae,21:29,21:28,32
2364M,fukko_daimae,21:32,21:32,33
2364M,shingu_chuo,21:35,21:34,34
2364M,shishibu,21:37,21:37,35
2364M,koga,21:43,21:39,36
2364M,chidori,21:46,21:45,37
2364M,fukuma,21:48,21:48,38
2364M,higashi_fukuma,21:52,21:51,39
2364M,togo,21:55,21:55,40
2364M,akama,21:59,21:58,41
2364M,kyoiku_daimae,22:02,22:01,42
2364M,ebitsu,22:06,22:06,43
2364M,ongagawa,22:11,22:10,44
2364M,mizumaki,22:14,22:13,45
2364M,orio,22:17,22:16,46
2364M,jinnoharu,22:20,22:20,47
2364M,kurosaki,22:23,22:23,48
2364M,yahata,22:27,22:26,49
2364M,spaceworld,22:29,22:28,50
2364M,edamitsu,22:31,22:31,51
2364M,tobata,22:34,22:34,52
2364M,kyusyukou_daimae,22:37,22:36,53
2364M,nishi_kokura,22:41,22:40,54
2364M,kokura,22:44,22:43,55
2364M,moji,22:50,22:49,56
2364M,komorie,22:52,22:52,57
2364M,mojiko,,22:58,58
2366M,kurume,20:35,,0
2366M,hizenasahi,20:39,20:39,1
2366M,tosu,20:44,20:43,2
2366M,yashiro,20:46,20:45,3
2366M,yayoigaoka,20:49,20:48,4
2366M,kiyama,20:51,20:51,5
2366M,keyakidai,20:54,20:53,6
2366M,haruda,20:57,20:56,7
2366M,tempaizan,21:00,21:00,8
2366M,futsukaichi,21:07,21:03,9
2366M,tofuro_minami,21:10,21:09,10
2366M,mizuki,21:12,21:12,11
2366M,onojo,21:15,21:14,12
2366M,kasuga,21:17,21:16,13
2366M,minami_fukuoka,21:20,21:19,14
2366M,sasabaru,21:22,21:22,15
2366M,takeshita,21:25,21:25,16
2366M,hakata,21:32,21:29,17
2366M,yoshizuka,21:35,21:35,18
2366M,hakozaki,21:37,21:37,19
2366M,chihaya,21:41,21:41,20
2366M,kashii,21:44,21:43,21
2366M,kyusan_daimae,21:47,21:46,22
2366M,fukko_daimae,21:56,21:50,23
2366M,shingu_chuo,21:59,21:58,24
2366M,shishibu,22:01,22:01,25
2366M,koga,22:04,22:03,26
2366M,chidori,22:06,22:06,27
2366M,fukuma,22:09,22:08,28
2366M,higashi_fukuma,22:12,22:12,29
2366M,togo,22:16,22:15,30
2366M,akama,22:20,22:19,31
2366M,kyoiku_daimae,22:23,22:22,32
2366M,ebitsu,22:27,22:27,33
2366M,ongagawa,22:32,22:31,34
2366M,mizumaki,22:35,22:34,35
2366M,orio,22:44,22:38,36
2366M,jinnoharu,22:47,22:47,37
2366M,kurosaki,22:50,22:49,38
2366M,yahata,22:53,22:53,39
2366M,spaceworld,22:55,22:55,40
2366M,edamitsu,22:57,22:57,41
2366M,tobata,23:00,23:00,42
2366M,kyusyukou_daimae,23:03,23:02,43
2366M,nishi_kokura,23:06,23:06,44
2366M,kokura,,23:08,45
3225M,mojiko,06:44,,0
3225M,komorie,06:49,06:49,1
3225M,moji,06:51,06:51,2
3225M,kokura,06:59,06:57,3
3225M,nishi_kokura,07:01,07:00,4
3225M,tobata,07:06,07:05,5
3225M,yahata,07:10,07:10,6
3225M,kurosaki,07:14,07:13,7
3225M,orio,07:19,07:18,8
3225M,ebitsu,07:28,07:28,9
3225M,akama,07:35,07:34,10
3225M,togo,07:39,07:38,11
3225M,fukuma,07:45,07:44,12
3225M,koga,07:49,07:48,13
3225M,fukko_daimae,07:59,07:54,14
3225M,kashii,08:05,08:04,15
3225M,chihaya,08:08,08:07,16
3225M,yoshizuka,08:15,08:14,17
3225M,hakata,08:19,08:17,18
3225M,minami_fukuoka,,08:26,19
4121M,mojiko,07:34,,0
4121M,komorie,07:39,07:38,1
4121M,moji,07:41,07:40,2
4121M,kokura,07:54,07:47,3
4121M,nishi_kokura,07:56,07:56,4
4121M,kyusyukou_daimae,08:00,07:59,5
4121M,tobata,08:02,08:02,6
4121M,edamitsu,08:05,08:05,7
4121M,spaceworld,08:08,08:07,8
4121M,yahata,08:10,08:10,9
4121M,kurosaki,08:13,08:13,10
4121M,jinnoharu,08:16,08:16,11
4121M,orio,08:20,08:20,12
4121M,mizumaki,08:23,08:23,13
4121M,ongagawa,08:29,08:26,14
4121M,ebitsu,08:34,08:34,15
4121M,kyoiku_daimae,08:39,08:39,16
4121M,akama,08:42,08:41,17
4121M,togo,08:46,08:45,18
4121M,higashi_fukuma,08:49,08:49,19
4121M,fukuma,08:56,08:52,20
4121M,koga,09:01,09:00,21
4121M,fukko_daimae,09:05,09:05,22
4121M,kashii,09:09,09:09,23
4121M,chihaya,09:12,09:11,24
4121M,yoshizuka,09:17,09:16,25
4121M,hakata,09:24,09:20,26
4121M,minami_fukuoka,09:33,09:32,27
4121M,onojo,09:36,09:35,28
4121M,futsukaichi,09:41,09:40,29
4121M,tempaizan,09:43,09:43,30
4121M,haruda,09:50,09:47,31
4121M,keyakidai,09:53,09:53,32
4121M,kiyama,09:56,09:55,33
4121M,yayoigaoka,09:58,09:58,34
4121M,yashiro,10:01,10:01,35
4121M,tosu,,10:03,36
4123M,kokura,09:01,,0
4123M,nishi_kokura,09:04,09:03,1
4123M,kyusyukou_daimae,09:07,09:07,2
4123M,tobata,09:10,09:09,3
4123M,edamitsu,09:13,09:12,4
4123M,spaceworld,09:15,09:14,5
4123M,yahata,09:17,09:17,6
4123M,kurosaki,09:20,09:20,7
4123M,jinnoharu,09:23,09:22,8
4123M,orio,09:26,09:26,9
4123M,mizumaki,09:30,09:29,10
4123M,ongagawa,09:36,09:32,11
4123M,ebitsu,09:42,09:41,12
4123M,kyoiku_daimae,09:46,09:46,13
4123M,akama,09:49,09:48,14
4123M,togo,09:53,09:52,15
4123M,higashi_fukuma,09:56,09:56,16
4123M,fukuma,09:59,09:59,17
4123M,koga,10:03,10:03,18
4123M,fukko_daimae,10:07,10:07,19
4123M,kashii,10:12,10:11,20
4123M,chihaya,10:14,10:14,21
4123M,yoshizuka,10:19,10:19,22
4123M,hakata,10:26,10:22,23
4123M,minami_fukuoka,10:38,10:35,24
4123M,onojo,10:43,10:42,25
4123M,futsukaichi,10:48,10:47,26
4123M,haruda,10:53,10:52,27
4123M,kiyama,10:57,10:56,28
4123M,tosu,11:03,11:02,29
4123M,kurume,11:11,11:09,30
4123M,araki,11:16,11:16,31
4123M,hainuzuka,,11:22,32
4156M,tosu,19:58,,0
4156M,kiyama,20:03,20:03,1
4156M,haruda,20:07,20:06,2
4156M,futsukaichi,20:12,20:11,3
4156M,onojo,20:16,20:16,4
4156M,minami_fukuoka,20:20,20:19,5
4156M,hakata,20:28,20:27,6
4156M,yoshizuka,20:32,20:31,7
4156M,chihaya,20:37,20:37,8
4156M,kashii,20:40,20:39,9
4156M,fukko_daimae,20:45,20:44,10
4156M,koga,20:54,20:50,11
4156M,fukuma,20:59,20:58,12
4156M,higashi_fukuma,21:02,21:01,13
4156M,togo,21:05,21:05,14
4156M,akama,21:13,21:09,15
4156M,kyoiku_daimae,21:16,21:16,16
4156M,ebitsu,21:21,21:20,17
4156M,ongagawa,21:26,21:25,18
4156M,mizumaki,21:29,21:28,19
4156M,orio,21:32,21:31,20
4156M,jinnoharu,21:36,21:35,21
4156M,kurosaki,21:38,21:38,22
4156M,yahata,21:42,21:41,23
4156M,spaceworld,21:47,21:44,24
4156M,edamitsu,21:49,21:49,25
4156M,tobata,21:52,21:51,26
4156M,kyusyukou_daimae,21:54,21:54,27
4156M,nishi_kokura,21:58,21:58,28
4156M,kokura,,22:00,29
