station_id,station_name,line_id,station_order,jr_code,source_url
hakata,博多,kagoshima,0,28283,https://www.jrkyushu-timetable.jp/cgi-bin/jr-k_time/tt_dep.cgi?c=28283
shingu_chuo,新宮中央,kagoshima,-7,8262,https://www.jrkyushu-timetable.jp/cgi-bin/jr-k_time/tt_dep.cgi?c=8262
mojiko,門司港,kagoshima,-31,28345,https://www.jrkyushu-timetable.jp/cgi-bin/jr-k_time/tt_dep.cgi?c=28345
komorie,小森江,kagoshima,-30,28157,https://www.jrkyushu-timetable.jp/cgi-bin/jr-k_time/tt_dep.cgi?c=28157
moji,門司,kagoshima,-29,28344,https://www.jrkyushu-timetable.jp/cgi-bin/jr-k_time/tt_dep.cgi?c=28344
kokura,小倉,kagoshima,-28,28155,https://www.jrkyushu-timetable.jp/cgi-bin/jr-k_time/tt_dep.cgi?c=28155
nishi_kokura,西小倉,kagoshima,-27,28260,https://www.jrkyushu-timetable.jp/cgi-bin/jr-k_time/tt_dep.cgi?c=28260
kyusyukou_daimae,九州工大前,kagoshima,-26,28129,https://www.jrkyushu-timetable.jp/cgi-bin/jr-k_time/tt_dep.cgi?c=28129
tobata,戸畑,kagoshima,-25,28246,https://www.jrkyushu-timetable.jp/cgi-bin/jr-k_time/tt_dep.cgi?c=28246
edamitsu,枝光,kagoshima,-24,28082,https://www.jrkyushu-timetable.jp/cgi-bin/jr-k_time/tt_dep.cgi?c=28082
spaceworld,スペースワールド,kagoshima,-23,29268,https://www.jrkyushu-timetable.jp/cgi-bin/jr-k_time/tt_dep.cgi?c=29268
yahata,八幡,kagoshima,-22,28351,https://www.jrkyushu-timetable.jp/cgi-bin/jr-k_time/tt_dep.cgi?c=28351
kurosaki,黒崎,kagoshima,-21,28146,https://www.jrkyushu-timetable.jp/cgi-bin/jr-k_time/tt_dep.cgi?c=28146
jinnoharu,陣原,kagoshima,-20,29328,https://www.jrkyushu-timetable.jp/cgi-bin/jr-k_time/tt_dep.cgi?c=29328
orio,折尾,kagoshima,-19,28098,https://www.jrkyushu-timetable.jp/cgi-bin/jr-k_time/tt_dep.cgi?c=28098
mizumaki,水巻,kagoshima,-18,28331,https://www.jrkyushu-timetable.jp/cgi-bin/jr-k_time/tt_dep.cgi?c=28331
ongagawa,遠賀川,kagoshima,-17,28100,https://www.jrkyushu-timetable.jp/cgi-bin/jr-k_time/tt_dep.cgi?c=28100
ebitsu,海老津,kagoshima,-16,28084,https://www.jrkyushu-timetable.jp/cgi-bin/jr-k_time/tt_dep.cgi?c=28084
kyoiku_daimae,教育大前,kagoshima,-15,28130,https://www.jrkyushu-timetable.jp/cgi-bin/jr-k_time/tt_dep.cgi?c=28130
akama,赤間,kagoshima,-14,28054,https://www.jrkyushu-timetable.jp/cgi-bin/jr-k_time/tt_dep.cgi?c=28054
togo,東郷,kagoshima,-13,28239,https://www.jrkyushu-timetable.jp/cgi-bin/jr-k_time/tt_dep.cgi?c=28239
higashi_fukuma,東福間,kagoshima,-12,28299,https://www.jrkyushu-timetable.jp/cgi-bin/jr-k_time/tt_dep.cgi?c=28299
fukuma,福間,kagoshima,-11,28305,https://www.jrkyushu-timetable.jp/cgi-bin/jr-k_time/tt_dep.cgi?c=28305
chidori,千鳥,kagoshima,-10,28230,https://www.jrkyushu-timetable.jp/cgi-bin/jr-k_time/tt_dep.cgi?c=28230
koga,古賀,kagoshima,-9,28152,https://www.jrkyushu-timetable.jp/cgi-bin/jr-k_time/tt_dep.cgi?c=28152
shishibu,ししぶ,kagoshima,-8,8255,https://www.jrkyushu-timetable.jp/cgi-bin/jr-k_time/tt_dep.cgi?c=8255
shingu_chuo,新宮中央,kagoshima,-7,8262,https://www.jrkyushu-timetable.jp/cgi-bin/jr-k_time/tt_dep.cgi?c=8262
fukko_daimae,福工大前,kagoshima,-6,28220,https://www.jrkyushu-timetable.jp/cgi-bin/jr-k_time/tt_dep.cgi?c=28220
kyusan_daimae,九産大前,kagoshima,-5,28128,https://www.jrkyushu-timetable.jp/cgi-bin/jr-k_time/tt_dep.cgi?c=28128
kashii,香椎,kagoshima,-4,28105,https://www.jrkyushu-timetable.jp/cgi-bin/jr-k_time/tt_dep.cgi?c=28105
chihaya,千早,kagoshima,-3,29471,https://www.jrkyushu-timetable.jp/cgi-bin/jr-k_time/tt_dep.cgi?c=29471
hakozaki,箱崎,kagoshima,-2,28286,https://www.jrkyushu-timetable.jp/cgi-bin/jr-k_time/tt_dep.cgi?c=28286
yoshizuka,吉塚,kagoshima,-1,28356,https://www.jrkyushu-timetable.jp/cgi-bin/jr-k_time/tt_dep.cgi?c=28356
hakata,博多,kagoshima,0,28283,https://www.jrkyushu-timetable.jp/cgi-bin/jr-k_time/tt_dep.cgi?c=28283
takeshita,竹下,kagoshima,1,28203,https://www.jrkyushu-timetable.jp/cgi-bin/jr-k_time/tt_dep.cgi?c=28203
sasabaru,笹原,kagoshima,2,28168,https://www.jrkyushu-timetable.jp/cgi-bin/jr-k_time/tt_dep.cgi?c=28168
minami_fukuoka,南福岡,kagoshima,3,28337,https://www.jrkyushu-timetable.jp/cgi-bin/jr-k_time/tt_dep.cgi?c=28337
kasuga,春日,kagoshima,4,28109,https://www.jrkyushu-timetable.jp/cgi-bin/jr-k_time/tt_dep.cgi?c=28109
onojo,大野城,kagoshima,5,28088,https://www.jrkyushu-timetable.jp/cgi-bin/jr-k_time/tt_dep.cgi?c=28088
mizuki,水城,kagoshima,6,28329,https://www.jrkyushu-timetable.jp/cgi-bin/jr-k_time/tt_dep.cgi?c=28329
tofuro_minami,都府楼南,kagoshima,7,28248,https://www.jrkyushu-timetable.jp/cgi-bin/jr-k_time/tt_dep.cgi?c=28248
futsukaichi,二日市,kagoshima,8,28311,https://www.jrkyushu-timetable.jp/cgi-bin/jr-k_time/tt_dep.cgi?c=28311
tempaizan,天拝山,kagoshima,9,28238,https://www.jrkyushu-timetable.jp/cgi-bin/jr-k_time/tt_dep.cgi?c=28238
haruda,原田,kagoshima,10,28293,https://www.jrkyushu-timetable.jp/cgi-bin/jr-k_time/tt_dep.cgi?c=28293
keyakidai,けやき台,kagoshima,11,28387,https://www.jrkyushu-timetable.jp/cgi-bin/jr-k_time/tt_dep.cgi?c=28387
kiyama,基山,kagoshima,12,28383,https://www.jrkyushu-timetable.jp/cgi-bin/jr-k_time/tt_dep.cgi?c=28383
yayoigaoka,弥生が丘,kagoshima,13,29348,https://www.jrkyushu-timetable.jp/cgi-bin/jr-k_time/tt_dep.cgi?c=29348
yashiro,田代,kagoshima,14,28396,https://www.jrkyushu-timetable.jp/cgi-bin/jr-k_time/tt_dep.cgi?c=28396
tosu,鳥栖,kagoshima,15,28399,https://www.jrkyushu-timetable.jp/cgi-bin/jr-k_time/tt_dep.cgi?c=28399
hizenasahi,肥前旭,kagoshima,16,28413,https://www.jrkyushu-timetable.jp/cgi-bin/jr-k_time/tt_dep.cgi?c=28413
kurume,久留米,kagoshima,17,28144,https://www.jrkyushu-timetable.jp/cgi-bin/jr-k_time/tt_dep.cgi?c=28144
araki,荒木,kagoshima,18,28061,https://www.jrkyushu-timetable.jp/cgi-bin/jr-k_time/tt_dep.cgi?c=28061
nishimuta,西牟田,kagoshima,19,28278,https://www.jrkyushu-timetable.jp/cgi-bin/jr-k_time/tt_dep.cgi?c=28278
hainuzuka,羽犬塚,kagoshima,20,28282,https://www.jrkyushu-timetable.jp/cgi-bin/jr-k_time/tt_dep.cgi?c=28282
chikugo_funagoya,筑後船小屋,kagoshima,21,28313,https://www.jrkyushu-timetable.jp/cgi-bin/jr-k_time/tt_dep.cgi?c=28313
setaka,瀬高,kagoshima,22,28196,https://www.jrkyushu-timetable.jp/cgi-bin/jr-k_time/tt_dep.cgi?c=28196
minami_setaka,南瀬高,kagoshima,23,28336,https://www.jrkyushu-timetable.jp/cgi-bin/jr-k_time/tt_dep.cgi?c=28336
wataze,渡瀬,kagoshima,24,28361,https://www.jrkyushu-timetable.jp/cgi-bin/jr-k_time/tt_dep.cgi?c=28361
yoshino,吉野,kagoshima,25,28357,https://www.jrkyushu-timetable.jp/cgi-bin/jr-k_time/tt_dep.cgi?c=28357
ginsui,銀水,kagoshima,26,28137,https://www.jrkyushu-timetable.jp/cgi-bin/jr-k_time/tt_dep.cgi?c=28137
omuta,大牟田,kagoshima,27,28093,https://www.jrkyushu-timetable.jp/cgi-bin/jr-k_time/tt_dep.cgi?c=28093
arao,荒尾,kagoshima,28,28591,https://www.jrkyushu-timetable.jp/cgi-bin/jr-k_time/tt_dep.cgi?c=28591
